date,Close,MA5,MA20,spread,cross,signal,trade,MA10,MA30,spread_10_30,cross_10_30
2024-06-26,171.84,,,,,0,0,,,,
2024-06-27,171.33,,,,,0,0,,,,
2024-06-28,166.36,,,,,0,0,,,,
2024-07-01,162.4,,,,,0,0,,,,
2024-07-02,162.41,166.868,,,,0,0,,,,
2024-07-03,165.83,165.666,,,,0,0,,,,
2024-07-04,165.93,164.58599999999998,,,,0,0,,,,
2024-07-05,163.95,164.10399999999998,,,,0,0,,,,
2024-07-08,162.24,164.072,,,,0,0,,,,
2024-07-09,162.1,164.01,,,,0,0,165.43900000000002,,,
2024-07-10,159.38,162.71999999999997,,,,0,0,164.193,,,
2024-07-11,163.34,162.202,,,,0,0,163.394,,,
2024-07-12,166.13,162.63799999999998,,,,0,0,163.371,,,
2024-07-15,164.45,163.07999999999998,,,,0,0,163.576,,,
2024-07-16,165.63,163.786,,,,0,0,163.89799999999997,,,
2024-07-17,167.22,165.35399999999998,,,,0,0,164.03699999999998,,,
2024-07-18,174.68,167.622,,,,0,0,164.91199999999998,,,
2024-07-19,175.77,169.55,,,,0,0,166.094,,,
2024-07-22,175.85,171.82999999999998,,,,0,0,167.455,,,
2024-07-23,172.53,173.20999999999998,166.9685,6.241499999999974,,1,0,168.498,,,
2024-07-24,172.65,174.296,167.009,7.287000000000006,0.0,1,0,169.825,,,
2024-07-25,174.06,174.172,167.1455,7.026499999999999,0.0,1,0,170.897,,,
2024-07-26,175.68,174.154,167.6115,6.54249999999999,0.0,1,0,171.852,,,
2024-07-29,170.86,173.156,168.0345,5.1214999999999975,0.0,1,0,172.493,,,
2024-07-30,171.22,172.894,168.475,4.419000000000011,0.0,1,0,173.05200000000002,,,
2024-07-31,172.64,172.892,168.8155,4.07650000000001,0.0,1,0,173.594,,,
2024-08-01,166.63,171.406,168.8505,2.555499999999995,0.0,1,0,172.78900000000002,,,
2024-08-02,163.42,168.954,168.824,0.12999999999999545,0.0,1,0,171.554,,,
2024-08-05,163.33,167.448,168.8785,-1.430499999999995,-2.0,0,-1,170.30200000000002,,,
2024-08-06,161.28,165.45999999999998,168.8375,-3.377500000000026,0.0,0,0,169.177,167.70466666666667,1.4723333333333244,
2024-08-07,160.0,162.93200000000002,168.86849999999998,-5.936499999999967,0.0,0,0,167.912,167.31,0.6020000000000039,0.0
2024-08-08,158.73,161.352,168.63799999999998,-7.285999999999973,0.0,0,0,166.379,166.89,-0.5109999999999957,-2.0
2024-08-09,156.33,159.934,168.148,-8.213999999999999,0.0,0,0,164.44400000000002,166.55566666666667,-2.1116666666666504,0.0
2024-08-12,155.33,158.334,167.692,-9.358000000000004,0.0,0,0,162.891,166.32,-3.429000000000002,0.0
2024-08-13,160.11,158.10000000000002,167.416,-9.315999999999974,0.0,0,0,161.78,166.24333333333334,-4.463333333333338,0.0
2024-08-14,158.54,157.808,166.98200000000003,-9.174000000000035,0.0,0,0,160.37,166.00033333333334,-5.63033333333334,0.0
2024-08-15,159.73,158.008,166.23449999999997,-8.226499999999959,0.0,0,0,159.68,165.79366666666664,-6.1136666666666315,0.0
2024-08-16,159.95,158.732,165.4435,-6.711500000000001,0.0,0,0,159.33300000000003,165.6603333333333,-6.327333333333286,0.0
2024-08-19,161.93,160.052,164.7475,-4.69550000000001,0.0,0,0,159.19299999999998,165.65,-6.457000000000022,0.0
2024-08-20,161.2,160.26999999999998,164.181,-3.91100000000003,0.0,0,0,159.185,165.61999999999998,-6.434999999999974,0.0
2024-08-21,160.34,160.63,163.5655,-2.9354999999999905,0.0,0,0,159.219,165.652,-6.432999999999993,0.0
2024-08-22,165.13,161.70999999999998,163.119,-1.4090000000000202,0.0,0,0,159.85899999999998,165.71166666666667,-5.852666666666693,0.0
2024-08-23,168.13,163.346,162.7415,0.6045000000000016,2.0,1,1,161.039,165.77833333333334,-4.739333333333349,0.0
2024-08-26,170.25,165.01,162.711,2.298999999999978,0.0,1,0,162.531,165.9716666666667,-3.4406666666666865,0.0
2024-08-27,169.83,166.73600000000002,162.6415,4.094500000000011,0.0,1,0,163.503,166.11166666666668,-2.608666666666693,0.0
2024-08-28,169.15,168.498,162.467,6.0309999999999775,0.0,1,0,164.564,166.176,-1.6119999999999948,0.0
2024-08-29,167.13,168.898,162.49200000000002,6.4059999999999775,0.0,1,0,165.304,165.92433333333332,-0.6203333333333205,0.0
2024-08-30,170.67,169.406,162.85449999999997,6.551500000000033,0.0,1,0,166.376,165.75433333333334,0.6216666666666697,2.0
2024-09-02,167.52,168.85999999999999,163.064,5.795999999999992,0.0,1,0,166.935,165.47666666666666,1.4583333333333428,0.0
2024-09-03,171.98,169.29,163.599,5.6910000000000025,0.0,1,0,168.013,165.45833333333334,2.5546666666666624,0.0
2024-09-04,173.48,170.156,164.273,5.88300000000001,0.0,1,0,169.327,165.486,3.841000000000008,0.0
2024-09-05,173.13,171.356,164.993,6.3629999999999995,0.0,1,0,170.127,165.45499999999998,4.6720000000000255,0.0
2024-09-06,172.28,171.678,165.7905,5.887499999999989,0.0,1,0,170.54199999999997,165.34166666666667,5.200333333333305,0.0
2024-09-09,171.48,172.46999999999997,166.598,5.871999999999957,0.0,1,0,170.66500000000002,165.36233333333334,5.302666666666681,0.0
2024-09-10,167.49,171.572,166.967,4.60499999999999,0.0,1,0,170.43099999999998,165.23799999999997,5.193000000000012,0.0
2024-09-11,172.89,171.454,167.6845,3.7694999999999936,0.0,1,0,170.80499999999998,165.24633333333333,5.558666666666653,0.0
2024-09-12,175.68,171.964,168.48200000000003,3.481999999999971,0.0,1,0,171.66,165.54800000000003,6.111999999999966,0.0
2024-09-13,169.83,171.474,168.976,2.4979999999999905,0.0,1,0,171.576,165.76166666666668,5.814333333333309,0.0
2024-09-18,172.73,171.724,169.51600000000002,2.20799999999997,0.0,1,0,172.09699999999998,166.075,6.021999999999991,0.0
2024-09-19,173.23,172.872,170.1175,2.7545000000000073,0.0,1,0,172.22199999999998,166.47333333333333,5.748666666666651,0.0
2024-09-20,171.93,172.68,170.697,1.983000000000004,0.0,1,0,172.06699999999998,166.871,5.1959999999999695,0.0
2024-09-23,174.53,172.45,171.167,1.282999999999987,0.0,1,0,172.207,167.39766666666668,4.8093333333333135,0.0
2024-09-24,183.85,175.254,171.953,3.3009999999999877,0.0,1,0,173.364,168.315,5.049000000000007,0.0
2024-09-25,189.43,178.594,172.91199999999998,5.682000000000016,0.0,1,0,175.159,169.45166666666668,5.70733333333331,0.0
2024-09-26,191.84,182.31599999999997,174.0125,8.303499999999985,0.0,1,0,177.594,170.50933333333333,7.084666666666664,0.0
2024-09-27,213.14,190.558,176.212,14.346000000000004,0.0,1,0,181.619,172.32933333333332,9.289666666666676,0.0
2024-09-30,238.22,203.296,179.7665,23.529499999999985,0.0,1,0,187.873,174.94566666666665,12.927333333333337,0.0
2024-10-08,285.33,223.592,185.4995,38.0925,0.0,1,0,199.423,179.125,20.298000000000002,0.0
2024-10-09,241.33,233.97199999999998,189.19,44.78199999999998,0.0,1,0,206.283,181.77166666666665,24.51133333333334,0.0
2024-10-10,244.33,244.47000000000003,192.8075,51.66250000000002,0.0,1,0,213.39300000000003,184.5426666666667,28.85033333333334,0.0
2024-10-11,228.12,247.46599999999998,195.5395,51.926499999999976,0.0,1,0,219.012,186.80200000000002,32.20999999999998,0.0
2024-10-14,236.05,247.032,198.6855,48.34650000000002,0.0,1,0,225.16400000000004,189.166,35.99800000000005,0.0
2024-10-15,227.55,235.47600000000003,201.449,34.027000000000015,0.0,1,0,229.53400000000002,191.14666666666665,38.38733333333337,0.0
2024-10-16,220.18,231.246,203.884,27.362000000000023,0.0,1,0,232.609,192.811,39.798,0.0
2024-10-17,217.83,225.946,206.401,19.544999999999987,0.0,1,0,235.20800000000003,194.411,40.797000000000025,0.0
2024-10-18,236.22,227.56599999999997,209.56750000000002,17.99849999999995,0.0,1,0,237.516,196.64666666666668,40.869333333333316,0.0
2024-10-21,239.69,228.294,212.76799999999997,15.526000000000039,0.0,1,0,237.663,199.06533333333334,38.59766666666667,0.0
2024-10-22,236.88,230.16000000000003,216.1205,14.039500000000032,0.0,1,0,232.81800000000004,201.27233333333334,31.545666666666705,0.0
2024-10-23,235.63,233.25,219.26550000000003,13.984499999999969,0.0,1,0,232.24800000000005,203.54266666666666,28.705333333333385,0.0
2024-10-24,232.49,236.18199999999996,222.2285,13.953499999999963,0.0,1,0,231.064,205.55966666666666,25.504333333333335,0.0
2024-10-25,245.21,237.97999999999996,225.89249999999998,12.087499999999977,0.0,1,0,232.773,207.95066666666665,24.822333333333347,0.0
2024-10-28,242.57,238.55599999999998,229.29450000000003,9.261499999999955,0.0,1,0,233.42500000000004,210.26533333333333,23.15966666666671,0.0
2024-10-29,238.11,238.802,232.00750000000002,6.794499999999971,0.0,1,0,234.481,212.45966666666666,22.02133333333333,0.0
2024-10-30,234.36,238.548,234.254,4.294000000000011,0.0,1,0,235.89900000000003,214.55566666666667,21.343333333333362,0.0
2024-10-31,232.31,238.512,236.2775,2.234499999999997,0.0,1,0,237.34699999999998,216.71633333333335,20.630666666666627,0.0
2024-11-01,232.53,235.97600000000003,237.24699999999999,-1.2709999999999582,-2.0,0,-1,236.978,218.70433333333332,18.273666666666685,0.0
2024-11-04,237.53,234.96800000000002,237.2125,-2.244499999999988,0.0,0,0,236.762,220.766,15.99600000000001,0.0
2024-11-05,247.72,236.89000000000001,235.33200000000002,1.5579999999999927,2.0,1,1,237.846,223.36233333333334,14.483666666666664,0.0
2024-11-06,242.83,238.584,235.407,3.1769999999999925,0.0,1,0,238.56599999999997,225.699,12.866999999999962,0.0
2024-11-07,249.13,241.948,235.647,6.301000000000016,0.0,1,0,240.23000000000002,228.22899999999998,12.001000000000033,0.0
2024-11-08,243.83,244.208,236.43249999999998,7.775500000000022,0.0,1,0,240.092,230.62566666666666,9.466333333333353,0.0
2024-11-11,253.83,247.46800000000002,237.32150000000001,10.146500000000003,0.0,1,0,241.218,233.26899999999998,7.949000000000012,0.0
2024-11-12,259.35,249.794,238.91150000000002,10.882499999999993,0.0,1,0,243.342,235.78566666666669,7.556333333333328,0.0
2024-11-13,268.33,254.894,241.31900000000002,13.574999999999989,0.0,1,0,246.73899999999998,238.41566666666668,8.323333333333295,0.0
2024-11-14,261.33,257.334,243.494,13.840000000000003,0.0,1,0,249.641,240.732,8.908999999999992,0.0
2024-11-15,251.89,258.946,244.2775,14.668500000000023,0.0,1,0,251.577,242.02366666666666,9.553333333333342,0.0
2024-11-18,249.25,258.03000000000003,244.75550000000004,13.274499999999989,0.0,1,0,252.74900000000002,242.39133333333336,10.35766666666666,0.0
2024-11-19,255.05,257.17,245.664,11.506000000000029,0.0,1,0,253.48199999999997,241.382,12.099999999999966,0.0
2024-11-20,253.88,254.27999999999997,246.57649999999998,7.703499999999991,0.0,1,0,254.587,241.80033333333333,12.786666666666662,0.0
2024-11-21,254.59,252.93200000000002,247.6815,5.250500000000017,0.0,1,0,255.13299999999998,242.1423333333333,12.99066666666667,0.0
2024-11-22,245.43,251.64000000000001,247.69250000000002,3.947499999999991,0.0,1,0,255.29299999999998,242.71933333333334,12.57366666666664,0.0
2024-11-25,250.43,251.87600000000003,248.0855,3.790500000000037,0.0,1,0,254.95300000000003,243.1986666666667,11.754333333333335,0.0
2024-11-26,243.05,249.47600000000003,248.33249999999998,1.1435000000000457,0.0,1,0,253.323,243.71533333333335,9.60766666666666,0.0
2024-11-27,246.23,247.946,248.92600000000002,-0.9800000000000182,-2.0,0,-1,251.113,244.5836666666667,6.529333333333312,0.0
2024-11-28,241.03,245.234,249.362,-4.127999999999986,0.0,0,0,249.08300000000003,245.357,3.7260000000000275,0.0
2024-11-29,247.57,245.66199999999998,250.11399999999998,-4.451999999999998,0.0,0,0,248.65099999999998,245.73533333333333,2.9156666666666524,0.0
2024-12-02,248.52,245.28000000000003,250.66350000000003,-5.383499999999998,0.0,0,0,248.57799999999997,246.02966666666669,2.5483333333332894,0.0
2024-12-03,248.17,246.304,250.686,-4.382000000000005,0.0,0,0,247.89000000000001,246.406,1.4840000000000089,0.0
2024-12-04,245.3,246.118,250.8095,-4.691500000000019,0.0,0,0,247.032,246.72833333333335,0.30366666666665765,0.0
2024-12-05,242.33,246.378,250.4695,-4.091500000000025,0.0,0,0,245.80599999999998,247.05633333333336,-1.2503333333333728,-2.0
2024-12-06,252.88,247.44,250.92200000000003,-3.4820000000000277,0.0,0,0,246.55100000000002,247.312,-0.7609999999999957,0.0
2024-12-09,254.38,248.612,250.9495,-2.3375000000000057,0.0,0,0,246.946,247.70566666666667,-0.7596666666666749,0.0
2024-12-10,256.9,250.358,250.827,-0.4689999999999941,0.0,0,0,248.331,248.332,-0.0010000000000047748,0.0
2024-12-11,253.43,251.984,250.08200000000002,1.9019999999999868,2.0,1,1,249.05100000000002,248.9676666666667,0.08333333333331439,2.0
2024-12-12,260.04,255.526,250.0175,5.508499999999998,0.0,1,0,250.952,249.892,1.0600000000000023,0.0
2024-12-13,253.36,255.62199999999999,250.09099999999998,5.531000000000006,0.0,1,0,251.53100000000003,250.58633333333333,0.9446666666667056,0.0
2024-12-16,253.53,255.452,250.30499999999998,5.14700000000002,0.0,1,0,252.032,251.11966666666666,0.9123333333333505,0.0
2024-12-17,260.13,256.098,250.55900000000003,5.538999999999987,0.0,1,0,253.228,251.53333333333333,1.6946666666666772,0.0
2024-12-18,257.74,256.96,250.752,6.20799999999997,0.0,1,0,254.47199999999998,252.03033333333332,2.441666666666663,0.0
2024-12-19,256.12,256.17600000000004,250.8285,5.347500000000053,0.0,1,0,255.85100000000003,252.26333333333332,3.5876666666667063,0.0
2024-12-20,249.04,255.31199999999998,251.00900000000001,4.302999999999969,0.0,1,0,255.467,252.437,3.030000000000001,0.0
2024-12-23,249.83,254.57200000000003,250.97899999999998,3.593000000000046,0.0,1,0,255.012,252.3036666666667,2.7083333333333144,0.0
2024-12-24,254.56,253.458,251.55450000000002,1.9034999999999798,0.0,1,0,254.77800000000002,252.14399999999998,2.634000000000043,0.0
2024-12-25,254.3,252.76999999999998,251.958,0.8119999999999834,0.0,1,0,254.86499999999995,251.67633333333333,3.18866666666662,0.0
2024-12-26,247.58,251.06199999999998,252.2855,-1.2235000000000298,-2.0,0,-1,253.619,251.218,2.4010000000000105,0.0
2024-12-27,248.33,250.92000000000002,252.32350000000002,-1.4035000000000082,0.0,0,0,253.11599999999999,251.0993333333333,2.01666666666668,0.0
2024-12-30,252.91,251.536,252.54299999999998,-1.0069999999999766,0.0,0,0,253.054,251.22133333333332,1.8326666666666824,0.0
2024-12-31,252.33,251.09,252.75099999999998,-1.660999999999973,0.0,0,0,252.27399999999997,251.13066666666666,1.1433333333333167,0.0
2025-01-02,245.11,249.252,252.7415,-3.4894999999999925,0.0,0,0,251.01100000000002,250.83833333333334,0.17266666666668584,0.0
2025-01-03,243.96,248.52800000000002,252.823,-4.2949999999999875,0.0,0,0,249.795,250.484,-0.6890000000000214,-2.0
2025-01-06,243.08,247.478,252.333,-4.85499999999999,0.0,0,0,249.19899999999998,250.40566666666666,-1.2066666666666777,0.0
2025-01-07,235.78,244.052,251.40300000000002,-7.3510000000000275,0.0,0,0,247.794,249.91733333333332,-2.1233333333333064,0.0
2025-01-08,231.67,239.92000000000002,250.1415,-10.221499999999992,0.0,0,0,245.50500000000002,249.538,-4.032999999999987,0.0
2025-01-09,233.66,237.62999999999997,249.15299999999996,-11.522999999999996,0.0,0,0,243.44099999999997,249.119,-5.678000000000026,0.0
2025-01-10,232.33,235.304,247.76749999999998,-12.463499999999982,0.0,0,0,241.916,248.829,-6.913000000000011,0.0
2025-01-13,233.24,233.336,246.7615,-13.4255,0.0,0,0,240.407,248.35133333333337,-7.944333333333361,0.0
2025-01-14,242.53,234.686,246.21150000000003,-11.525500000000022,0.0,0,0,239.369,248.15166666666667,-8.782666666666671,0.0
2025-01-15,237.2,235.792,245.065,-9.272999999999996,0.0,0,0,237.85600000000005,247.786,-9.92999999999995,0.0
2025-01-16,236.26,236.31199999999998,243.99100000000004,-7.679000000000059,0.0,0,0,236.971,247.48466666666667,-10.513666666666666,0.0
2025-01-17,237.83,237.41199999999998,243.07650000000004,-5.664500000000061,0.0,0,0,236.358,247.33466666666666,-10.97666666666666,0.0
2025-01-20,251.85,241.13400000000001,243.21699999999996,-2.0829999999999416,0.0,0,0,237.23499999999999,247.3003333333333,-10.065333333333314,0.0
2025-01-21,250.51,242.72999999999996,243.25099999999998,-0.521000000000015,0.0,0,0,238.708,247.1713333333333,-8.46333333333331,0.0
2025-01-22,244.33,244.156,242.7395,1.4165000000000134,2.0,1,1,239.974,246.75233333333333,-6.778333333333336,0.0
2025-01-23,243.83,245.67000000000002,242.21599999999998,3.454000000000036,0.0,1,0,240.99099999999999,246.4323333333333,-5.4413333333333185,0.0
2025-01-24,248.18,247.74,242.246,5.494,0.0,1,0,242.57600000000002,246.03699999999998,-3.460999999999956,0.0
2025-01-27,244.56,246.282,242.05750000000003,4.224499999999978,0.0,1,0,243.708,245.74366666666668,-2.0356666666666854,0.0
2025-02-05,239.68,244.11599999999999,241.39600000000002,2.7199999999999704,0.0,1,0,243.423,245.282,-1.8590000000000089,0.0
2025-02-06,240.66,243.382,240.8125,2.569500000000005,0.0,1,0,243.76899999999995,244.63299999999998,-0.8640000000000327,0.0
2025-02-07,248.84,244.38400000000001,240.99899999999997,3.3850000000000477,0.0,1,0,245.027,244.33633333333333,0.6906666666666581,2.0
2025-02-10,246.01,243.95,241.1015,2.8485000000000014,0.0,1,0,245.84500000000003,243.9993333333333,1.845666666666716,0.0
2025-02-11,239.36,242.91,240.91549999999998,1.9945000000000164,0.0,1,0,244.596,243.67666666666665,0.9193333333333555,0.0
2025-02-12,242.86,243.546,241.26950000000002,2.27649999999997,0.0,1,0,243.831,243.44433333333333,0.38666666666665606,0.0
2025-02-13,248.95,245.204,242.1335,3.0705000000000098,0.0,1,0,244.29300000000003,243.25733333333335,1.0356666666666854,0.0
2025-02-14,257.27,246.88999999999996,243.31400000000002,3.5759999999999366,0.0,1,0,245.637,243.35633333333334,2.2806666666666615,0.0
2025-02-17,256.96,249.07999999999998,244.5455,4.53449999999998,0.0,1,0,246.51499999999996,243.66899999999998,2.845999999999975,0.0
2025-02-18,258.33,252.87399999999997,245.8,7.073999999999955,0.0,1,0,247.892,244.00233333333333,3.8896666666666704,0.0
2025-02-19,261.11,256.524,246.72899999999998,9.795000000000016,0.0,1,0,250.035,244.2756666666667,5.759333333333302,0.0
2025-02-20,257.76,258.28599999999994,247.757,10.52899999999994,0.0,1,0,251.74499999999998,244.45666666666668,7.2883333333332985,0.0
2025-02-21,263.11,259.454,249.09949999999998,10.35450000000003,0.0,1,0,253.17200000000003,245.05666666666667,8.115333333333353,0.0
2025-02-24,259.06,259.874,250.161,9.713000000000022,0.0,1,0,254.477,245.56,8.917000000000002,0.0
2025-02-25,257.04,259.616,250.42050000000003,9.195499999999953,0.0,1,0,256.245,246.02533333333335,10.219666666666654,0.0
2025-02-26,256.18,258.63,250.704,7.925999999999988,0.0,1,0,257.577,246.70533333333333,10.87166666666667,0.0
2025-02-27,257.56,258.59000000000003,251.36550000000003,7.224500000000006,0.0,1,0,258.438,247.56833333333333,10.86966666666666,0.0
2025-02-28,251.86,256.34000000000003,251.767,4.573000000000036,0.0,1,0,257.897,248.175,9.72199999999998,0.0
2025-03-03,261.09,256.746,252.4125,4.333499999999987,0.0,1,0,258.31000000000006,249.13366666666667,9.176333333333389,0.0
2025-03-04,250.56,255.45,252.7125,2.737499999999983,0.0,1,0,257.533,249.71099999999998,7.822000000000031,0.0
2025-03-05,248.55,253.92399999999998,253.156,0.7679999999999723,0.0,1,0,256.277,249.91166666666666,6.365333333333325,0.0
2025-03-06,251.87,252.786,253.7165,-0.930499999999995,-2.0,0,-1,255.68800000000002,250.4006666666667,5.287333333333322,0.0
2025-03-07,248.32,252.07799999999997,253.69050000000001,-1.6125000000000398,0.0,0,0,254.209,250.80266666666665,3.4063333333333503,0.0
2025-03-10,244.06,248.67200000000003,253.593,-4.920999999999964,0.0,0,0,252.70899999999997,251.0103333333333,1.6986666666666679,0.0
2025-03-11,242.76,247.112,253.763,-6.6510000000000105,0.0,0,0,251.281,250.70733333333334,0.5736666666666679,0.0
2025-03-12,242.06,245.81400000000002,253.723,-7.908999999999992,0.0,0,0,249.869,250.42566666666667,-0.556666666666672,-2.0
2025-03-13,240.78,243.596,253.3145,-9.718500000000006,0.0,0,0,248.19100000000003,250.30733333333333,-2.1163333333333014,0.0
2025-03-14,249.56,243.844,252.92900000000003,-9.085000000000036,0.0,0,0,247.961,250.49833333333336,-2.5373333333333505,0.0
2025-03-17,243.56,243.744,252.25900000000001,-8.515000000000015,0.0,0,0,246.208,250.34433333333334,-4.13633333333334,0.0
2025-03-18,244.56,244.10399999999998,251.57050000000004,-7.466500000000053,0.0,0,0,245.608,250.34433333333334,-4.736333333333334,0.0
2025-03-19,252.95,246.282,251.1625,-4.880499999999984,0.0,0,0,246.048,250.7866666666667,-4.738666666666688,0.0
2025-03-20,249.71,248.06800000000004,250.76,-2.6919999999999504,0.0,0,0,245.83199999999997,251.08833333333334,-5.256333333333373,0.0
2025-03-21,243.56,246.868,249.78249999999997,-2.9144999999999754,0.0,0,0,245.356,250.91233333333332,-5.556333333333328,0.0
2025-03-24,245.72,247.3,249.11549999999997,-1.8154999999999575,0.0,0,0,245.52200000000002,250.90266666666668,-5.380666666666656,0.0
2025-03-25,247.04,247.796,248.61549999999997,-0.8194999999999766,0.0,0,0,245.95,251.15866666666668,-5.208666666666687,0.0
2025-03-26,244.48,246.102,248.03050000000002,-1.9285000000000139,0.0,0,0,246.192,251.21266666666668,-5.020666666666671,0.0
2025-03-27,246.44,245.448,247.47449999999998,-2.02649999999997,0.0,0,0,246.75799999999998,251.129,-4.371000000000009,0.0
2025-03-28,244.36,245.608,247.09949999999998,-1.4914999999999736,0.0,0,0,246.23799999999997,250.69866666666667,-4.460666666666697,0.0
2025-03-31,240.5,244.564,246.07,-1.5060000000000002,0.0,0,0,245.93199999999996,250.15,-4.218000000000046,0.0
2025-04-01,236.62,242.48000000000002,245.373,-2.8929999999999723,0.0,0,0,245.138,249.42633333333336,-4.288333333333355,0.0
2025-04-02,236.7,240.92400000000004,244.78050000000002,-3.8564999999999827,0.0,0,0,243.513,248.61266666666668,-5.099666666666678,0.0
2025-04-03,230.64,237.76399999999998,243.71899999999997,-5.954999999999984,0.0,0,0,241.606,247.70866666666663,-6.102666666666636,0.0
2025-04-07,202.78,229.448,241.442,-11.994,0.0,0,0,237.52800000000002,245.69766666666666,-8.169666666666643,0.0
2025-04-08,206.61,222.67,239.5695,-16.899500000000018,0.0,0,0,233.61700000000002,243.94933333333333,-10.33233333333331,0.0
2025-04-09,198.95,215.13599999999997,237.379,-22.243000000000023,0.0,0,0,228.808,242.01299999999998,-13.204999999999984,0.0
2025-04-10,205.54,208.904,235.55299999999997,-26.648999999999972,0.0,0,0,224.914,240.325,-15.411000000000001,0.0
2025-04-11,211.56,205.08800000000002,234.092,-29.00399999999999,0.0,0,0,221.42600000000002,238.79166666666666,-17.36566666666664,0.0
2025-04-14,211.56,206.844,232.19199999999995,-25.347999999999956,0.0,0,0,218.14600000000002,237.44833333333332,-19.30233333333331,0.0
2025-04-15,215.71,208.664,230.7995,-22.135500000000008,0.0,0,0,215.667,235.93566666666666,-20.26866666666666,0.0
2025-04-16,212.45,211.36399999999998,229.19400000000002,-17.83000000000004,0.0,0,0,213.25,234.66533333333334,-21.415333333333336,0.0
2025-04-17,213.56,212.96800000000002,227.22449999999998,-14.25649999999996,0.0,0,0,210.936,233.499,-22.562999999999988,0.0
2025-04-18,213.02,213.26,225.39000000000001,-12.130000000000024,0.0,0,0,209.17399999999998,232.204,-23.03000000000003,0.0
2025-04-21,218.92,214.73200000000003,224.15800000000004,-9.426000000000016,0.0,0,0,210.788,231.22400000000002,-20.436000000000007,0.0
2025-04-22,222.78,216.14600000000002,223.01100000000002,-6.865000000000009,0.0,0,0,212.40500000000003,230.51466666666667,-18.10966666666664,0.0
2025-04-23,225.44,218.744,221.93099999999998,-3.1869999999999834,0.0,0,0,215.054,229.93733333333333,-14.883333333333326,0.0
2025-04-24,228.96,221.82399999999998,221.15499999999997,0.6690000000000111,2.0,1,1,217.39600000000002,229.50066666666666,-12.104666666666645,0.0
2025-04-25,228.69,224.958,220.2675,4.690499999999986,0.0,1,0,219.109,229.09766666666667,-9.98866666666666,0.0
2025-04-28,226.94,226.56199999999998,219.3965,7.16549999999998,0.0,1,0,220.647,228.34366666666665,-7.696666666666658,0.0
2025-04-29,224.12,226.83,218.57750000000001,8.252499999999998,0.0,1,0,221.488,227.69566666666665,-6.207666666666654,0.0
2025-04-30,223.59,226.45999999999998,217.926,8.533999999999992,0.0,1,0,222.602,226.99666666666664,-4.394666666666637,0.0
2025-05-06,223.72,225.41199999999998,217.277,8.134999999999991,0.0,1,0,223.61800000000002,226.02233333333334,-2.4043333333333123,0.0
2025-05-07,230.7,225.814,217.28000000000003,8.533999999999963,0.0,1,0,225.38599999999997,225.38866666666667,-0.0026666666666983474,0.0
2025-05-08,236.66,227.75799999999998,218.974,8.783999999999992,0.0,1,0,227.16,225.15866666666668,2.0013333333333208,2.0
2025-05-09,240.36,231.006,220.66150000000002,10.344499999999982,0.0,1,0,228.91799999999998,224.98000000000002,3.9379999999999598,0.0
2025-05-12,249.09,236.106,223.1685,12.9375,0.0,1,0,231.283,225.04833333333332,6.234666666666669,0.0
2025-05-13,250.86,241.53400000000002,225.4345,16.099500000000006,0.0,1,0,233.47299999999996,225.261,8.21199999999996,0.0
2025-05-14,254.69,246.33200000000002,227.59099999999998,18.741000000000042,0.0,1,0,236.073,225.536,10.537000000000006,0.0
2025-05-15,252.27,249.454,229.62650000000002,19.827499999999986,0.0,1,0,238.606,225.7996666666667,12.8063333333333,0.0
2025-05-16,251.45,251.67200000000003,231.41350000000003,20.258499999999998,0.0,1,0,241.339,226.16466666666668,15.174333333333323,0.0
2025-05-19,252.09,252.27200000000002,233.3955,18.87650000000002,0.0,1,0,244.18900000000002,226.68033333333332,17.5086666666667,0.0
2025-05-20,255.09,253.118,235.47200000000004,17.645999999999958,0.0,1,0,247.32599999999996,227.29333333333335,20.032666666666614,0.0
2025-05-21,266.17,255.414,238.1295,17.28449999999998,0.0,1,0,250.873,228.47766666666666,22.395333333333326,0.0
2025-05-22,262.46,257.452,240.30649999999997,17.145500000000027,0.0,1,0,253.45300000000003,230.46699999999998,22.986000000000047,0.0
2025-05-23,259.08,258.97799999999995,242.12150000000003,16.856499999999926,0.0,1,0,255.325,232.21599999999998,23.10900000000001,0.0
2025-05-26,247.99,258.158,243.24900000000002,14.908999999999992,0.0,1,0,255.21499999999997,233.85066666666668,21.364333333333292,0.0
2025-05-27,246.08,256.356,244.10500000000002,12.250999999999976,0.0,1,0,254.73700000000002,235.20200000000003,19.534999999999997,0.0
2025-05-28,245.69,252.26,244.95499999999998,7.305000000000007,0.0,1,0,253.83700000000005,236.33966666666666,17.497333333333387,0.0
2025-05-29,243.94,248.55599999999998,245.805,2.7509999999999764,0.0,1,0,253.004,237.419,15.58499999999998,0.0
2025-05-30,242.09,245.158,246.70350000000002,-1.5455000000000325,-2.0,0,-1,252.06799999999998,238.29833333333335,13.769666666666637,0.0
2025-06-03,243.24,244.208,247.686,-3.4780000000000086,0.0,0,0,251.18300000000005,239.32466666666667,11.858333333333377,0.0
2025-06-04,243.14,243.61999999999998,248.65699999999998,-5.037000000000006,0.0,0,0,249.988,240.31066666666666,9.677333333333337,0.0
2025-06-05,243.59,243.2,249.30149999999998,-6.101499999999987,0.0,0,0,247.73000000000002,241.32966666666664,6.4003333333333785,0.0
2025-06-06,240.97,242.606,249.517,-6.911000000000001,0.0,0,0,245.581,242.06466666666665,3.5163333333333355,0.0
2025-06-09,237.67,241.72200000000004,249.3825,-7.660499999999956,0.0,0,0,243.44,242.561,0.8789999999999907,0.0
2025-06-10,235.23,240.11999999999998,248.6895,-8.569500000000033,0.0,0,0,242.164,242.88733333333332,-0.7233333333333292,-2.0
2025-06-11,242.59,240.01,248.27599999999998,-8.265999999999991,0.0,0,0,241.81499999999997,243.34166666666667,-1.5266666666666993,0.0
2025-06-12,241.9,239.67200000000003,247.6365,-7.964499999999987,0.0,0,0,241.43599999999998,243.782,-2.346000000000032,0.0
2025-06-13,240.29,239.536,247.0375,-7.501499999999993,0.0,0,0,241.071,244.227,-3.156000000000006,0.0
2025-06-16,238.75,239.752,246.4025,-6.650499999999994,0.0,0,0,240.737,244.7146666666667,-3.9776666666666927,0.0
2025-06-17,238.35,240.37600000000003,245.71549999999996,-5.33949999999993,0.0,0,0,240.24799999999996,245.20666666666665,-4.958666666666687,0.0
2025-06-18,237.66,239.39000000000001,244.84399999999997,-5.453999999999951,0.0,0,0,239.7,245.6713333333333,-5.97133333333332,0.0
2025-06-19,234.19,237.848,243.24499999999998,-5.396999999999963,0.0,0,0,238.76,245.78766666666667,-7.027666666666676,0.0
2025-06-20,232.35,236.26,241.7395,-5.479500000000002,0.0,0,0,237.898,245.64399999999998,-7.745999999999981,0.0
2025-06-23,231.7,234.85,240.3705,-5.520499999999998,0.0,0,0,237.301,245.35533333333333,-8.054333333333346,0.0
2025-06-24,238.01,234.78199999999998,239.87149999999997,-5.089499999999987,0.0,0,0,237.579,244.986,-7.406999999999982,0.0
2025-06-25,246.99,236.648,239.917,-3.2690000000000055,0.0,0,0,238.019,244.857,-6.837999999999994,0.0
2025-06-26,244.88,238.78599999999997,239.87650000000002,-1.0905000000000484,0.0,0,0,238.317,244.53,-6.212999999999994,0.0
2025-06-27,243.08,240.93200000000002,239.83350000000002,1.0985000000000014,2.0,1,1,238.596,244.22366666666667,-5.62766666666667,0.0
2025-06-30,244.31,243.454,239.94449999999998,3.509500000000031,0.0,1,0,239.152,243.98566666666665,-4.833666666666659,0.0
2025-07-01,243.59,244.57,239.962,4.608000000000004,0.0,1,0,239.67600000000002,243.7023333333333,-4.026333333333298,0.0
2025-07-02,242.54,243.68,239.93200000000002,3.7479999999999905,0.0,1,0,240.164,243.284,-3.1200000000000045,0.0
2025-07-03,254.68,245.64000000000001,240.48650000000004,5.15349999999998,0.0,1,0,242.21299999999997,242.901,-0.688000000000045,0.0
2025-07-04,257.89,248.602,241.33249999999998,7.269500000000022,0.0,1,0,244.767,242.74866666666668,2.0183333333333167,2.0
2025-07-07,252.98,250.336,242.098,8.238,0.0,1,0,246.89500000000004,242.54533333333333,4.349666666666707,0.0
2025-07-08,255.4,252.698,243.1065,9.591499999999996,0.0,1,0,248.63400000000001,242.79233333333332,5.841666666666697,0.0
2025-07-09,262.89,256.76800000000003,244.12150000000003,12.646500000000003,0.0,1,0,250.22400000000002,243.35266666666666,6.871333333333354,0.0
2025-07-10,264.09,258.65,245.231,13.418999999999983,0.0,1,0,252.14499999999998,243.966,8.178999999999974,0.0
2025-07-11,263.59,259.79,246.39600000000002,13.394000000000005,0.0,1,0,254.196,244.62099999999998,9.575000000000017,0.0
2025-07-14,260.59,261.312,247.48799999999997,13.82400000000004,0.0,1,0,255.824,245.23766666666663,10.586333333333386,0.0
2025-07-15,259.84,262.2,248.5625,13.637499999999989,0.0,1,0,257.44899999999996,245.791,11.657999999999959,0.0
2025-07-16,256.49,260.91999999999996,249.504,11.415999999999968,0.0,1,0,258.844,246.236,12.608000000000004,0.0
2025-07-17,257.59,259.62,250.67399999999998,8.946000000000026,0.0,1,0,259.135,246.70266666666666,12.432333333333332,0.0
2025-07-18,263.29,259.56,252.221,7.338999999999999,0.0,1,0,259.675,247.44666666666666,12.228333333333353,0.0
2025-07-21,271.75,261.79200000000003,254.22349999999997,7.568500000000057,0.0,1,0,261.55199999999996,248.58266666666665,12.96933333333331,0.0
2025-07-22,278.75,265.57399999999996,256.2605,9.313499999999976,0.0,1,0,263.887,250.03333333333333,13.853666666666669,0.0
2025-07-23,279.11,270.09800000000007,257.8665,12.231500000000096,0.0,1,0,265.50899999999996,251.2506666666667,14.258333333333269,0.0
2025-07-24,277.29,274.038,259.487,14.550999999999988,0.0,1,0,266.829,252.43033333333332,14.398666666666685,0.0
2025-07-25,274.89,276.358,261.0775,15.280500000000018,0.0,1,0,267.959,253.58366666666663,14.375333333333373,0.0
2025-07-28,278.39,277.68600000000004,262.7815,14.904500000000041,0.0,1,0,269.739,254.905,14.833999999999975,0.0
2025-07-29,283.91,278.718,264.7975,13.920500000000004,0.0,1,0,272.146,256.4236666666667,15.722333333333324,0.0
2025-07-30,269.18,276.73199999999997,266.1295,10.602499999999964,0.0,1,0,273.415,257.47433333333333,15.940666666666687,0.0
2025-07-31,256.71,272.616,266.231,6.384999999999991,0.0,1,0,273.32700000000006,258.225,15.102000000000032,0.0
2025-08-01,255.16,268.67,266.09450000000004,2.575499999999977,0.0,1,0,272.514,258.98533333333336,13.528666666666652,0.0
2025-08-04,258.57,264.706,266.37399999999997,-1.6679999999999495,-2.0,0,-1,271.196,259.881,11.315000000000055,0.0
2025-08-05,257.79,259.48199999999997,266.4935,-7.011500000000012,0.0,0,0,269.1,260.5403333333333,8.559666666666715,0.0
2025-08-06,257.09,257.064,266.20349999999996,-9.139499999999941,0.0,0,0,266.898,260.877,6.021000000000015,0.0
2025-08-07,255.14,256.75,265.756,-9.005999999999972,0.0,0,0,264.683,261.219,3.4639999999999986,0.0
2025-08-08,255.57,256.832,265.355,-8.523000000000025,0.0,0,0,262.751,261.63533333333334,1.115666666666641,0.0
2025-08-11,255.75,256.268,265.113,-8.845000000000027,0.0,0,0,260.48699999999997,262.01666666666665,-1.5296666666666852,-2.0
2025-08-12,255.34,255.77800000000002,264.88800000000003,-9.110000000000014,0.0,0,0,257.63,262.40833333333336,-4.778333333333364,0.0
2025-08-13,265.69,257.498,265.348,-7.850000000000023,0.0,0,0,257.281,263.18,-5.899000000000001,0.0
2025-08-14,271.98,260.866,266.0675,-5.20150000000001,0.0,0,0,258.80800000000005,263.75666666666666,-4.948666666666611,0.0
2025-08-15,272.76,264.304,266.54100000000005,-2.23700000000008,0.0,0,0,260.568,264.25233333333335,-3.6843333333333703,0.0
2025-08-18,275.09,268.17199999999997,266.70799999999997,1.4639999999999986,2.0,1,1,262.21999999999997,264.9893333333333,-2.76933333333335,0.0
2025-08-19,269.89,271.082,266.265,4.817000000000007,0.0,1,0,263.42999999999995,265.4723333333333,-2.0423333333333744,0.0
2025-08-20,272.29,272.402,265.924,6.478000000000009,0.0,1,0,264.95,265.78566666666666,-0.8356666666666683,0.0
2025-08-21,272.09,272.424,265.664,6.759999999999991,0.0,1,0,266.645,266.0523333333333,0.5926666666666733,2.0
2025-08-22,280.27,273.926,265.933,7.992999999999995,0.0,1,0,269.115,266.6083333333333,2.5066666666667174,0.0
2025-08-25,283.37,275.582,266.182,9.399999999999977,0.0,1,0,271.877,267.3676666666667,4.509333333333302,0.0
2025-08-26,282.59,278.12199999999996,266.116,12.005999999999972,0.0,1,0,274.602,268.126,6.475999999999999,0.0
2025-08-27,271.39,277.942,266.2265,11.71550000000002,0.0,1,0,275.17199999999997,268.6226666666667,6.549333333333266,0.0
2025-08-28,270.5,277.62399999999997,266.916,10.70799999999997,0.0,1,0,275.024,269.053,5.971000000000004,0.0
2025-08-29,299.27,281.424,269.1215,12.302499999999952,0.0,1,0,277.675,270.2523333333333,7.422666666666714,0.0
2025-09-01,297.09,284.168,271.0475,13.120499999999993,0.0,1,0,279.875,271.097,8.77800000000002,0.0
2025-09-02,295.96,286.842,272.956,13.885999999999967,0.0,1,0,282.48199999999997,271.67066666666665,10.811333333333323,0.0
2025-09-03,302.09,292.982,275.206,17.77600000000001,0.0,1,0,285.462,272.43666666666667,13.025333333333322,0.0
2025-09-04,297.12,298.3059999999999,277.30499999999995,21.000999999999976,0.0,1,0,287.965,273.09766666666667,14.867333333333306,0.0
2025-09-05,318.2,302.092,280.43649999999997,21.655500000000018,0.0,1,0,291.758,274.54133333333334,17.21666666666664,0.0
2025-09-08,318.46,306.366,283.572,22.793999999999983,0.0,1,0,295.267,275.877,19.389999999999986,0.0
2025-09-09,313.09,309.792,286.4595,23.332499999999982,0.0,1,0,298.31699999999995,276.8496666666667,21.467333333333272,0.0
2025-09-10,309.13,311.2,288.6315,22.568499999999972,0.0,1,0,302.091,278.18133333333327,23.909666666666737,0.0
2025-09-11,315.64,314.904,290.8145,24.089499999999987,0.0,1,0,306.60499999999996,280.1456666666666,26.459333333333348,0.0
2025-09-12,318.09,314.88199999999995,293.08099999999996,21.800999999999988,0.0,1,0,308.48699999999997,282.2433333333333,26.243666666666684,0.0
2025-09-15,347.79,320.74799999999993,296.716,24.031999999999925,0.0,1,0,313.55699999999996,285.21733333333333,28.33966666666663,0.0
2025-09-16,346.51,327.43199999999996,300.54699999999997,26.88499999999999,0.0,1,0,318.61199999999997,288.17466666666667,30.4373333333333,0.0
2025-09-17,370.19,339.64399999999995,305.442,34.20199999999994,0.0,1,0,325.42199999999997,291.9446666666666,33.47733333333338,0.0
2025-09-18,359.98,348.512,309.8365,38.6755,0.0,1,0,331.70799999999997,295.43933333333337,36.268666666666604,0.0
2025-09-19,361.58,357.21000000000004,313.902,43.30800000000005,0.0,1,0,336.046,298.973,37.07299999999998,0.0
2025-09-22,363.14,360.28000000000003,317.8905,42.389500000000055,0.0,1,0,340.514,302.55266666666665,37.96133333333336,0.0
2025-09-23,361.24,363.226,321.823,41.40300000000002,0.0,1,0,345.329,306.0826666666666,39.24633333333338,0.0
2025-09-24,373.02,363.79200000000003,326.9045,36.887500000000045,0.0,1,0,351.71799999999996,309.6603333333333,42.05766666666665,0.0
2025-09-25,385.94,368.98400000000004,332.6765,36.30750000000006,0.0,1,0,358.748,313.459,45.28899999999999,0.0
2025-09-26,373.49,371.36600000000004,336.3875,34.978500000000054,0.0,1,0,364.288,316.81666666666666,47.47133333333335,0.0
2025-09-29,390.46,376.83000000000004,341.056,35.77400000000006,0.0,1,0,368.555,320.6623333333333,47.892666666666685,0.0
2025-09-30,395.09,383.6,346.0125,37.587500000000034,0.0,1,0,373.41299999999995,324.83566666666667,48.577333333333286,0.0
2025-10-09,402.98,389.592,351.057,38.53499999999997,0.0,1,0,376.692,329.19199999999995,47.50000000000006,0.0
2025-10-10,375.04,387.412,354.95300000000003,32.458999999999946,0.0,1,0,378.198,332.6236666666667,45.5743333333333,0.0
2025-10-13,367.59,386.23199999999997,357.4225,28.809499999999957,0.0,1,0,378.799,335.53433333333334,43.26466666666664,0.0
2025-10-14,351.09,378.358,359.054,19.30400000000003,0.0,1,0,377.59399999999994,337.7916666666667,39.80233333333325,0.0
2025-10-15,362.39,371.818,361.519,10.298999999999978,0.0,1,0,377.709,340.45166666666665,37.25733333333335,0.0
2025-10-16,361.59,363.53999999999996,364.142,-0.6020000000000323,-2.0,0,-1,376.566,343.4583333333333,33.10766666666666,0.0
2025-10-17,351.23,358.77799999999996,365.9215,-7.143500000000017,0.0,0,0,373.09499999999997,346.14933333333335,26.945666666666625,0.0
2025-10-20,359.59,357.178,367.9965,-10.818500000000029,0.0,0,0,371.705,348.15999999999997,23.545000000000016,0.0
2025-10-21,368.99,360.758,369.05649999999997,-8.29849999999999,0.0,0,0,369.558,350.5566666666666,19.001333333333378,0.0
2025-10-22,365.95,361.46999999999997,370.0285,-8.558500000000038,0.0,0,0,366.644,352.8896666666667,13.754333333333307,0.0
2025-10-23,369.54,363.06000000000006,369.996,-6.935999999999922,0.0,0,0,363.3,355.138,8.162000000000035,0.0
2025-10-24,378.86,368.586,370.94,-2.353999999999985,0.0,0,0,363.682,357.86266666666666,5.819333333333361,0.0
2025-10-27,379.27,372.52200000000005,371.8245,0.6975000000000477,2.0,1,1,364.85,359.89833333333337,4.951666666666654,0.0
2025-10-28,379.57,374.638,372.646,1.9919999999999618,0.0,1,0,367.698,361.9353333333333,5.762666666666689,0.0
2025-10-29,393.09,380.066,374.23850000000004,5.8274999999999295,0.0,1,0,370.768,364.602,6.165999999999997,0.0
2025-10-30,391.38,384.434,375.15649999999994,9.277500000000089,0.0,1,0,373.747,367.34366666666665,6.403333333333364,0.0
2025-10-31,381.86,385.034,374.9525,10.081500000000005,0.0,1,0,376.81000000000006,369.55100000000004,7.2590000000000146,0.0
2025-11-03,379.95,385.16999999999996,375.2755,9.894499999999937,0.0,1,0,378.846,371.613,7.233000000000004,0.0
2025-11-04,372.04,383.66400000000004,374.35450000000003,9.309500000000014,0.0,1,0,379.151,372.42133333333334,6.729666666666674,0.0
2025-11-05,381.79,381.404,373.6895,7.714499999999987,0.0,1,0,380.735,373.5973333333333,7.137666666666689,0.0
2025-11-06,387.77,380.682,372.929,7.753000000000043,0.0,1,0,382.558,374.18333333333334,8.374666666666656,0.0
2025-11-07,388.46,382.00200000000007,373.6,8.402000000000044,0.0,1,0,383.518,375.13266666666664,8.385333333333335,0.0
2025-11-10,377.6,381.53200000000004,374.1005,7.431500000000028,0.0,1,0,383.351,375.6666666666667,7.6843333333333135,0.0
2025-11-11,378.69,382.86199999999997,375.4805,7.38149999999996,0.0,1,0,383.26300000000003,376.185,7.078000000000031,0.0
2025-11-12,379.47,382.398,376.3345,6.063500000000033,0.0,1,0,381.901,376.79266666666666,5.1083333333333485,0.0
2025-11-13,408.69,386.582,378.6895,7.892499999999984,0.0,1,0,383.63199999999995,377.9816666666666,5.650333333333322,0.0
2025-11-14,397.21,388.332,380.98850000000004,7.343499999999949,0.0,1,0,385.16700000000003,378.3573333333333,6.809666666666715,0.0
2025-11-17,383.87,389.586,382.2025,7.383500000000026,0.0,1,0,385.559,378.70333333333326,6.855666666666764,0.0
2025-11-18,378.09,389.466,382.6575,6.808499999999981,0.0,1,0,386.164,378.291,7.8729999999999905,0.0
2025-11-19,384.19,390.40999999999997,383.5695,6.840499999999963,0.0,1,0,386.404,377.92766666666665,8.476333333333343,0.0
2025-11-20,372.48,383.168,383.71650000000005,-0.5485000000000468,-2.0,0,-1,384.875,376.911,7.963999999999999,0.0
2025-11-21,363.09,376.344,382.928,-6.584000000000003,0.0,0,0,382.338,376.51266666666663,5.82533333333339,0.0
2025-11-24,363.64,372.29799999999994,382.1465,-9.848500000000058,0.0,0,0,380.942,376.38100000000003,4.560999999999979,0.0
2025-11-25,365.45,369.77,381.4405,-11.670500000000004,0.0,0,0,379.618,376.8596666666666,2.7583333333333826,0.0
2025-11-26,365.91,366.114,380.08149999999995,-13.967499999999973,0.0,0,0,378.262,376.977,1.285000000000025,0.0
2025-11-27,364.29,364.476,378.727,-14.250999999999976,0.0,0,0,373.822,377.067,-3.2450000000000045,-2.0
2025-11-28,366.29,365.116,377.94849999999997,-12.832499999999982,0.0,0,0,370.73,377.569,-6.838999999999999,0.0
2025-12-01,376.06,367.6,377.754,-10.153999999999996,0.0,0,0,369.94899999999996,378.11800000000005,-8.169000000000096,0.0
2025-12-02,373.17,369.14400000000006,377.8105,-8.666499999999928,0.0,0,0,369.457,378.25733333333335,-8.800333333333356,0.0
2025-12-03,369.17,369.796,377.1795,-7.383500000000026,0.0,0,0,367.95500000000004,378.3646666666666,-10.409666666666567,0.0
2025-12-04,376.44,372.226,376.61299999999994,-4.386999999999944,0.0,0,0,368.351,378.5946666666667,-10.243666666666684,0.0
2025-12-05,382.18,375.40400000000005,376.299,-0.894999999999925,0.0,0,0,370.26,378.70533333333333,-8.445333333333338,0.0
2025-12-08,385.59,377.31,376.6985,0.6114999999999782,2.0,1,1,372.45500000000004,378.916,-6.460999999999956,0.0
2025-12-09,380.68,378.812,376.798,2.01400000000001,0.0,1,0,373.978,378.95300000000003,-4.975000000000023,0.0
2025-12-10,375.47,380.072,376.598,3.4739999999999895,0.0,1,0,374.934,378.36566666666664,-3.431666666666615,0.0
2025-12-11,382.08,381.2,375.2675,5.9325000000000045,0.0,1,0,376.713,378.0556666666667,-1.3426666666666733,0.0
2025-12-12,384.89,381.742,374.6515,7.09050000000002,0.0,1,0,378.573,378.1566666666667,0.41633333333328437,2.0
2025-12-15,378.59,380.342,374.3875,5.954499999999996,0.0,1,0,378.826,378.11133333333333,0.7146666666666874,0.0
2025-12-16,371.5,378.506,374.058,4.447999999999979,0.0,1,0,378.659,378.0933333333333,0.5656666666666865,0.0
2025-12-17,376.51,378.714,373.67400000000004,5.039999999999964,0.0,1,0,379.393,377.91733333333326,1.4756666666667115,0.0
2025-12-18,365.09,375.316,373.30449999999996,2.0115000000000123,0.0,1,0,378.258,377.16133333333335,1.0966666666666356,0.0
2025-12-19,367.09,371.756,373.5045,-1.7485000000000355,-2.0,0,-1,376.74899999999997,376.44899999999996,0.30000000000001137,0.0
2025-12-22,364.93,369.024,373.569,-4.545000000000016,0.0,0,0,374.683,376.02666666666664,-1.3436666666666497,-2.0
2025-12-23,371.19,368.962,373.856,-4.8940000000000055,0.0,0,0,373.73400000000004,375.7766666666667,-2.042666666666662,0.0
2025-12-24,368.69,367.39799999999997,373.995,-6.597000000000037,0.0,0,0,373.0559999999999,375.41733333333326,-2.3613333333333344,0.0
2025-12-25,366.1,367.6,374.0855,-6.485500000000002,0.0,0,0,371.45799999999997,373.9976666666667,-2.539666666666733,0.0
2025-12-26,367.52,367.68600000000004,374.14700000000005,-6.461000000000013,0.0,0,0,369.721,373.008,-3.2869999999999777,0.0
2025-12-29,362.4,367.18,373.464,-6.283999999999992,0.0,0,0,368.102,372.2923333333334,-4.190333333333399,0.0
2025-12-30,362.29,365.4,372.91999999999996,-7.519999999999982,0.0,0,0,367.181,371.76566666666673,-4.584666666666749,0.0
2025-12-31,360.35,363.73199999999997,372.479,-8.747000000000014,0.0,0,0,365.565,370.97099999999995,-5.405999999999949,0.0
2026-01-05,370.59,364.63,372.1865,-7.556500000000028,0.0,0,0,366.11499999999995,370.908,-4.793000000000063,0.0
2026-01-06,367.08,364.54200000000003,371.4315,-6.889499999999998,0.0,0,0,366.11400000000003,371.041,-4.926999999999964,0.0
2026-01-07,364.1,364.88199999999995,370.35699999999997,-5.475000000000023,0.0,0,0,366.031,371.0563333333333,-5.025333333333322,0.0
2026-01-08,362.3,364.884,369.438,-4.553999999999974,0.0,0,0,365.142,370.95133333333337,-5.80933333333337,0.0
2026-01-09,362.32,365.278,368.7805,-3.5024999999999977,0.0,0,0,364.505,370.8316666666667,-6.326666666666711,0.0
2026-01-12,354.77,362.11400000000003,367.415,-5.300999999999988,0.0,0,0,363.37199999999996,370.51433333333335,-7.142333333333397,0.0
2026-01-13,352.09,359.116,365.775,-6.658999999999992,0.0,0,0,361.829,370.041,-8.211999999999989,0.0
2026-01-14,347.07,355.71,364.19899999999996,-8.488999999999976,0.0,0,0,360.296,369.07466666666664,-8.778666666666652,0.0
2026-01-15,346.84,352.61800000000005,362.966,-10.347999999999956,0.0,0,0,358.751,368.197,-9.446000000000026,0.0
2026-01-16,345.41,349.236,361.41099999999994,-12.174999999999955,0.0,0,0,357.25699999999995,367.40500000000003,-10.148000000000081,0.0
2026-01-19,341.99,346.67999999999995,360.256,-13.576000000000022,0.0,0,0,354.397,366.2566666666667,-11.859666666666726,0.0
2026-01-20,342.69,344.8,359.036,-14.23599999999999,0.0,0,0,351.95799999999997,364.9403333333333,-12.982333333333315,0.0
2026-01-21,342.9,343.966,357.93449999999996,-13.968499999999949,0.0,0,0,349.838,363.51733333333334,-13.679333333333318,0.0
2026-01-22,338.89,342.376,356.3195,-13.943500000000029,0.0,0,0,347.49699999999996,362.1243333333333,-14.627333333333354,0.0
2026-01-23,340.09,341.312,354.8895,-13.577499999999986,0.0,0,0,345.274,360.945,-15.670999999999992,0.0
2026-01-26,335.14,339.942,353.3415,-13.399499999999989,0.0,0,0,343.31100000000004,359.38033333333334,-16.069333333333304,0.0
2026-01-27,332.49,337.902,351.59000000000003,-13.688000000000045,0.0,0,0,341.351,357.63366666666667,-16.28266666666667,0.0
2026-01-28,333.08,335.938,350.124,-14.186000000000035,0.0,0,0,339.952,356.1166666666667,-16.164666666666676,0.0
2026-01-29,334.98,335.156,348.7585,-13.60250000000002,0.0,0,0,338.76599999999996,354.8993333333334,-16.13333333333344,0.0
2026-01-30,343.09,335.756,347.89549999999997,-12.139499999999998,0.0,0,0,338.534,353.7853333333333,-15.25133333333332,0.0
2026-02-02,342.07,337.142,346.4695,-9.327499999999986,0.0,0,0,338.54200000000003,353.01800000000003,-14.475999999999999,0.0
2026-02-03,341.0,338.84399999999994,345.16549999999995,-6.3215000000000146,0.0,0,0,338.37299999999993,352.14833333333337,-13.775333333333435,0.0
2026-02-04,358.12,343.852,344.8665,-1.0144999999999982,0.0,0,0,339.89500000000004,351.92133333333334,-12.026333333333298,0.0
2026-02-05,356.03,348.062,344.553,3.5090000000000146,2.0,1,1,341.609,351.416,-9.807000000000016,0.0
2026-02-06,362.2,351.884,344.54699999999997,7.337000000000046,0.0,1,0,343.82000000000005,351.19966666666664,-7.379666666666594,0.0
2026-02-09,361.91,355.852,344.904,10.947999999999979,0.0,1,0,346.49699999999996,351.06,-4.563000000000045,0.0
2026-02-10,358.06,359.264,345.2025,14.061500000000024,0.0,1,0,349.054,350.74466666666666,-1.6906666666666865,0.0
2026-02-11,361.09,359.858,345.9035,13.954499999999996,0.0,1,0,351.855,350.701,1.1539999999999964,2.0
2026-02-12,368.96,362.444,347.0095,15.434500000000014,0.0,1,0,355.25300000000004,350.9233333333333,4.329666666666753,0.0
2026-02-13,358.43,361.68999999999994,347.6605,14.029499999999928,0.0,1,0,356.787,350.8593333333334,5.927666666666596,0.0
2026-02-24,355.04,360.31600000000003,348.313,12.003000000000043,0.0,1,0,358.084,350.34100000000007,7.742999999999938,0.0
2026-02-25,355.27,359.758,348.942,10.815999999999974,0.0,1,0,359.511,349.94733333333335,9.563666666666677,0.0
2026-02-26,339.09,355.358,348.75149999999996,6.60650000000004,0.0,1,0,357.608,349.1136666666667,8.494333333333316,0.0
2026-02-27,335.1,348.58599999999996,348.562,0.023999999999944066,0.0,1,0,355.515,348.207,7.307999999999993,0.0
2026-03-02,333.31,343.562,348.223,-4.661000000000001,-2.0,0,-1,352.626,347.23999999999995,5.386000000000024,0.0
2026-03-03,337.16,339.986,348.324,-8.338000000000022,0.0,0,0,350.151,346.65299999999996,3.4980000000000473,0.0
2026-03-04,331.99,335.33000000000004,348.299,-12.968999999999937,0.0,0,0,347.544,345.98300000000006,1.5609999999999218,0.0
2026-03-05,343.34,336.18,348.812,-12.632000000000005,0.0,0,0,345.769,345.85866666666664,-0.08966666666663059,-2.0
2026-03-06,347.86,338.732,349.456,-10.72399999999999,0.0,0,0,343.659,345.8926666666666,-2.233666666666636,0.0
2026-03-09,350.59,342.188,349.831,-7.643000000000029,0.0,0,0,342.875,346.0653333333333,-3.1903333333332853,0.0
2026-03-10,369.39,348.634,351.197,-2.562999999999988,0.0,0,0,344.31,346.97866666666664,-2.6686666666666383,0.0
2026-03-11,389.89,360.21399999999994,353.6415,6.572499999999934,2.0,1,1,347.77200000000005,348.552,-0.7799999999999727,0.0
2026-03-12,388.59,369.264,355.165,14.09899999999999,0.0,1,0,352.722,350.075,2.6469999999999914,2.0
2026-03-13,390.09,377.71,356.868,20.841999999999985,0.0,1,0,358.221,351.78166666666664,6.439333333333366,0.0
2026-03-16,401.49,387.89,358.8325,29.057500000000005,0.0,1,0,365.039,353.8283333333333,11.210666666666668,0.0
2026-03-17,398.09,393.63,360.6415,32.98849999999999,0.0,1,0,371.13199999999995,355.9266666666666,15.205333333333328,0.0
2026-03-18,395.11,394.674,362.49399999999997,32.18000000000001,0.0,1,0,377.444,358.014,19.430000000000007,0.0
2026-03-19,393.59,395.674,364.119,31.55499999999995,0.0,1,0,382.46899999999994,360.031,22.43799999999993,0.0
2026-03-20,406.09,398.87399999999997,365.9755,32.898499999999956,0.0,1,0,388.29200000000003,362.4013333333333,25.890666666666732,0.0
2026-03-23,395.08,397.592,367.808,29.783999999999992,0.0,1,0,392.741,364.13433333333336,28.606666666666626,0.0
2026-03-24,390.08,395.99,369.56,26.430000000000007,0.0,1,0,394.81,365.7346666666666,29.07533333333339,0.0
2026-03-25,390.9,395.14799999999997,371.34149999999994,23.806500000000028,0.0,1,0,394.911,367.39799999999997,27.513000000000034,0.0
2026-03-26,395.59,395.54799999999994,374.1665,21.38149999999996,0.0,1,0,395.611,368.647,26.964,0.0
2026-03-27,409.27,396.184,377.875,18.309000000000026,0.0,1,0,397.529,370.4216666666667,27.107333333333315,0.0
2026-03-30,406.09,398.386,381.514,16.872000000000014,0.0,1,0,397.989,371.8846666666667,26.104333333333273,0.0
2026-03-31,394.79,399.328,384.39549999999997,14.932500000000005,0.0,1,0,397.659,372.98066666666665,24.67833333333334,0.0
2026-04-01,398.8,400.908,387.736,13.172000000000025,0.0,1,0,398.02799999999996,374.33866666666665,23.68933333333331,0.0
2026-04-02,394.26,400.64199999999994,390.282,10.359999999999957,0.0,1,0,398.09499999999997,375.4443333333333,22.650666666666666,0.0
2026-04-03,379.55,394.69800000000004,391.8665,2.8315000000000623,0.0,1,0,395.441,375.7973333333333,19.64366666666666,0.0
2026-04-07,377.68,389.01599999999996,393.221,-4.205000000000041,-2.0,0,-1,393.70099999999996,376.439,17.261999999999944,0.0
2026-04-08,384.39,386.93600000000004,393.97099999999995,-7.034999999999911,0.0,0,0,393.132,377.41733333333326,15.714666666666744,0.0
2026-04-09,383.08,383.79200000000003,393.6305,-9.838499999999954,0.0,0,0,392.35,378.34433333333334,14.005666666666684,0.0
2026-04-10,409.09,386.758,394.65549999999996,-7.8974999999999795,0.0,0,0,393.69999999999993,380.67766666666665,13.022333333333279,0.0
2026-04-13,420.22,394.89199999999994,396.162,-1.2700000000000387,0.0,0,0,394.79499999999996,383.515,11.279999999999973,0.0
2026-04-14,423.88,404.132,397.2815,6.850500000000011,2.0,1,1,396.574,386.534,10.04000000000002,0.0
2026-04-15,424.09,412.07199999999995,398.5815,13.49049999999994,0.0,1,0,399.504,389.4316666666667,10.072333333333347,0.0
2026-04-16,447.07,424.87,401.1795,23.690499999999986,0.0,1,0,404.331,393.2676666666666,11.06333333333339,0.0
2026-04-17,437.29,430.51000000000005,403.3645,27.145500000000027,0.0,1,0,408.634,396.39933333333335,12.23466666666667,0.0
2026-04-20,425.59,431.584,404.3395,27.244500000000016,0.0,1,0,413.238,398.9903333333333,14.247666666666703,0.0
2026-04-21,440.69,434.946,406.62,28.326000000000022,0.0,1,0,419.53900000000004,401.9936666666666,17.545333333333417,0.0
2026-04-22,436.35,437.39799999999997,408.9335,28.464499999999987,0.0,1,0,424.73499999999996,404.22566666666665,20.509333333333302,0.0
2026-04-23,438.9,435.764,411.3335,24.430499999999995,0.0,1,0,430.317,405.85933333333327,24.45766666666674,0.0
2026-04-24,444.9,437.28600000000006,413.799,23.48700000000008,0.0,1,0,433.898,407.7363333333333,26.161666666666747,0.0
2026-04-27,434.88,439.14399999999995,415.0795,24.064499999999953,0.0,1,0,435.3639999999999,409.2293333333334,26.134666666666533,0.0
2026-04-28,427.67,436.53999999999996,416.1585,20.38149999999996,0.0,1,0,435.74299999999994,410.102,25.640999999999963,0.0
2026-04-29,445.0,438.27,418.669,19.601,0.0,1,0,437.834,411.6656666666667,26.168333333333294,0.0
2026-04-30,436.0,437.68999999999994,420.529,17.160999999999945,0.0,1,0,436.727,413.0286666666667,23.698333333333267,0.0
2026-05-06,460.0,440.71000000000004,423.816,16.894000000000062,0.0,1,0,438.99799999999993,415.24233333333336,23.75566666666657,0.0
2026-05-07,451.64,444.062,427.4205,16.641500000000008,0.0,1,0,441.60299999999995,416.7606666666667,24.842333333333272,0.0
2026-05-08,437.0,445.928,430.38649999999996,15.541500000000042,0.0,1,0,441.23400000000004,418.158,23.076000000000022,0.0
2026-05-11,446.11,446.15,433.4725,12.677499999999952,0.0,1,0,442.2099999999999,420.02566666666667,22.184333333333257,0.0
2026-05-12,431.25,445.2,435.88100000000003,9.31899999999996,0.0,1,0,441.445,421.3706666666667,20.0743333333333,0.0
2026-05-13,434.05,440.01000000000005,437.129,2.8810000000000286,0.0,1,0,440.36,422.6526666666667,17.707333333333338,0.0
2026-05-14,427.0,435.082,437.468,-2.386000000000024,-2.0,0,-1,439.572,423.2436666666666,16.328333333333376,0.0
2026-05-15,423.6,432.40200000000004,437.454,-5.051999999999964,0.0,0,0,439.16499999999996,423.82733333333334,15.337666666666621,0.0
2026-05-18,417.23,426.62600000000003,437.111,-10.484999999999957,0.0,0,0,436.38800000000003,424.57533333333333,11.8126666666667,0.0
2026-05-19,417.92,423.96000000000004,435.6535,-11.693499999999972,0.0,0,0,434.58000000000004,425.2126666666666,9.36733333333342,0.0
2026-05-20,414.75,420.1,434.52649999999994,-14.426499999999919,0.0,0,0,430.055,425.8956666666666,4.159333333333393,0.0
2026-05-21,411.63,417.026,433.8285000000001,-16.802500000000066,0.0,0,0,426.054,426.96500000000003,-0.9110000000000582,-2.0
2026-05-22,411.16,414.538,432.35200000000003,-17.81400000000002,0.0,0,0,423.46999999999997,428.081,-4.611000000000047,0.0
2026-05-25,402.88,411.668,430.6785,-19.01049999999998,0.0,0,0,419.14700000000005,428.69733333333335,-9.550333333333299,0.0
2026-05-26,402.5,408.584,428.8585,-20.27449999999999,0.0,0,0,416.27200000000005,429.3446666666667,-13.072666666666635,0.0
2026-05-27,414.8,408.594,427.3535,-18.759500000000003,0.0,0,0,414.34700000000004,429.535,-15.187999999999988,0.0
2026-05-28,415.68,409.404,426.3935,-16.98950000000002,0.0,0,0,413.215,429.38366666666667,-16.168666666666695,0.0
2026-05-29,424.0,411.97200000000004,426.21000000000004,-14.238,0.0,0,0,413.255,429.38766666666663,-16.132666666666637,0.0
2026-06-01,420.1,415.416,424.96500000000003,-9.549000000000035,0.0,0,0,413.54200000000003,429.25466666666665,-15.712666666666621,0.0
2026-06-02,433.89,421.69399999999996,424.8595,-3.1655000000000655,0.0,0,0,415.13899999999995,428.8153333333333,-13.676333333333332,0.0
2026-06-03,426.42,424.01800000000003,423.18050000000005,0.8374999999999773,2.0,1,1,416.3059999999999,428.4529999999999,-12.146999999999991,0.0
2026-06-04,408.2,422.52200000000005,421.0085,1.5135000000000218,0.0,1,0,415.963,427.87333333333333,-11.910333333333313,0.0
2026-06-05,403.0,418.322,419.3085,-0.9864999999999782,-2.0,0,-1,415.14700000000005,426.617,-11.46999999999997,0.0
2026-06-08,393.02,412.90599999999995,416.654,-3.7480000000000473,0.0,0,0,414.16099999999994,425.17266666666666,-11.011666666666713,0.0
2026-06-09,399.5,406.028,415.0665,-9.038499999999999,0.0,0,0,413.861,423.8593333333334,-9.998333333333392,0.0
2026-06-10,388.5,398.444,412.78900000000004,-14.345000000000027,0.0,0,0,411.23100000000005,421.9793333333334,-10.748333333333335,0.0
2026-06-11,382.2,393.244,410.549,-17.30499999999995,0.0,0,0,407.883,420.2233333333333,-12.34033333333332,0.0
2026-06-12,394.85,391.614,409.1115,-17.497500000000002,0.0,0,0,404.96799999999996,419.1293333333333,-14.161333333333346,0.0
2026-06-15,398.1,392.63,408.15500000000003,-15.525000000000034,0.0,0,0,402.768,417.566,-14.798000000000002,0.0
2026-06-16,403.53,393.43600000000004,407.4355,-13.999499999999955,0.0,0,0,399.732,416.4836666666667,-16.751666666666665,0.0
2026-06-17,399.0,395.536,406.648,-11.112000000000023,0.0,0,0,396.99,414.45033333333333,-17.460333333333324,0.0
2026-06-18,391.55,397.406,405.644,-8.238,0.0,0,0,395.325,412.44733333333335,-17.12233333333336,0.0
2026-06-22,408.98,400.232,405.535,-5.302999999999997,0.0,0,0,395.923,411.5133333333333,-15.59033333333332,0.0
2026-06-23,392.51,399.114,405.0165,-5.902500000000032,0.0,0,0,395.872,409.72666666666663,-13.854666666666617,0.0
2026-06-24,395.36,397.48,404.65950000000004,-7.179500000000019,0.0,0,0,395.45799999999997,408.5303333333333,-13.072333333333347,0.0
2026-06-25,401.9,398.06,404.0145,-5.954499999999996,0.0,0,0,396.798,407.45866666666666,-10.660666666666657,0.0
2026-06-26,381.0,395.95,402.28049999999996,-6.330499999999972,0.0,0,0,396.678,405.92533333333336,-9.247333333333358,0.0
2026-06-29,392.36,392.62600000000003,400.69849999999997,-8.072499999999934,0.0,0,0,396.429,404.884,-8.455000000000041,0.0
2026-06-30,393.01,392.726,399.344,-6.617999999999995,0.0,0,0,395.91999999999996,404.0766666666667,-8.156666666666752,0.0
2026-07-01,383.84,390.42199999999997,396.8415,-6.419500000000028,0.0,0,0,393.95099999999996,402.9406666666667,-8.989666666666722,0.0
2026-07-02,382.35,386.512,394.63800000000003,-8.126000000000033,0.0,0,0,392.28599999999994,401.86066666666665,-9.574666666666701,0.0
2026-07-03,380.0,386.312,393.228,-6.915999999999997,0.0,0,0,391.131,400.80633333333327,-9.675333333333299,0.0
2026-07-06,374.51,382.74199999999996,391.8035,-9.061500000000024,0.0,0,0,387.684,399.58466666666664,-11.90066666666661,0.0
2026-07-07,372.49,378.638,390.777,-12.13900000000001,0.0,0,0,385.68199999999996,398.57166666666666,-12.889666666666699,0.0
2026-07-08,361.0,374.07,388.852,-14.781999999999982,0.0,0,0,382.246,397.18833333333333,-14.942333333333352,0.0
2026-07-09,375.5,372.7,388.202,-15.50200000000001,0.0,0,0,379.606,395.8783333333333,-16.27233333333328,0.0
2026-07-10,348.76,366.452,386.53,-20.077999999999975,0.0,0,0,376.382,393.6476666666667,-17.265666666666675,0.0
2026-07-13,359.06,363.36199999999997,384.7405,-21.37850000000003,0.0,0,0,373.052,391.48300000000006,-18.43100000000004,0.0
2026-07-14,364.01,361.666,383.036,-21.370000000000005,0.0,0,0,370.15200000000004,389.61333333333334,-19.4613333333333,0.0
2026-07-15,373.0,364.066,381.5095,-17.44350000000003,0.0,0,0,369.06800000000004,387.5836666666666,-18.51566666666656,0.0
2026-07-16,366.2,362.206,379.8695,-17.6635,0.0,0,0,367.45300000000003,385.57633333333337,-18.123333333333335,0.0
2026-07-17,360.0,364.454,378.29200000000003,-13.838000000000022,0.0,0,0,365.45300000000003,383.9696666666667,-18.51666666666665,0.0
