date,Close,Return,Equity,Drawdown
2023-06-29,186.31,0.0018282518685810434,1.001828251868581,0.0
2023-06-30,190.69,0.023509205088293683,1.0253804377050062,0.0
2023-07-03,189.18,-0.007918611358749716,1.0172608485239556,-0.007918611358749716
2023-07-05,188.05,-0.005973147267152923,1.0111845996666131,-0.013844459594105407
2023-07-06,188.53,0.002552512629619752,1.0137656611281392,-0.011327285122449848
2023-07-07,187.4,-0.005993741049169832,1.0076894122707967,-0.01725313335780554
2023-07-10,185.33,-0.011045891141942321,0.9965585847179657,-0.02810844826682013
2023-07-11,184.8,-0.002859763664814108,0.9937086626875307,-0.03088782841260651
2023-07-12,186.49,0.009145021645021734,1.0027961499166538,-0.022025276626985724
2023-07-13,187.26,0.0041289077162314225,1.006936602677852,-0.017987309245371508
2023-07-14,187.41,0.0008010253124000055,1.007743184384579,-0.01720069222297893
2023-07-17,190.71,0.017608452056987467,1.0254879819325706,0.0
2023-07-18,190.45,-0.0013633265167009023,1.024089906974244,-0.0013633265167007913
2023-07-19,191.82,0.007193489104752038,1.0314566865623498,0.0
2023-07-20,189.85,-0.0102700448336982,1.0208635801473367,-0.0102700448336982
2023-07-21,188.66,-0.006268106399789253,1.0144646986073034,-0.016473777499739217
2023-07-24,189.47,0.004293437930668942,1.0188202398236286,-0.012251068710249058
2023-07-25,190.34,0.0045917559508101835,1.0234984137226446,-0.007715566677092944
2023-07-26,191.22,0.004623305663549404,1.0282303597354423,-0.0031279324366593197
2023-07-27,189.94,-0.00669386047484577,1.0213475291713727,-0.00980085496819938
2023-07-28,192.55,0.013741181425713345,1.0353820508684206,0.0
2023-07-31,193.17,0.0032199428719812406,1.0387159219228916,0.0
2023-08-01,192.33,-0.004348501320080578,1.0341990643652212,-0.004348501320080578
2023-08-02,189.3,-0.015754172515988096,1.0179061138893382,-0.02003416679608605
2023-08-03,187.89,-0.007448494453248911,1.0103242458461053,-0.027333436869078853
2023-08-04,178.71,-0.04885837458087172,0.9609614453944195,-0.0748563441528185
2023-08-07,175.57,-0.017570365396452403,0.9440770016669365,-0.09111145623026329
2023-08-08,176.52,0.005410947200546801,0.9491853524762068,-0.0861935083087434
2023-08-09,174.91,-0.009120779515069177,0.9405280421573381,-0.0945281358388983
2023-08-10,174.69,-0.0012577897204276711,0.9393450556541386,-0.0956670290417766
2023-08-11,174.75,0.00034346556757691715,0.9396676883368295,-0.09535642180462789
2023-08-14,176.42,0.009556509298998428,0.9486476313383887,-0.08671118703732461
2023-08-15,174.41,-0.011393266069606556,0.9378394364682484,-0.09711652948180349
2023-08-16,173.53,-0.005045582248724201,0.9331074904554507,-0.10167210229331658
2023-08-17,170.96,-0.014810119287731238,0.9192880572135299,-0.11497644561784948
2023-08-18,171.45,0.0028661675245671425,0.9219228907888377,-0.11243981984780238
2023-08-21,172.8,0.007874015748031704,0.9291821261493799,-0.10545115701195817
2023-08-22,174.19,0.008043981481481444,0.936656449965049,-0.09825542268468179
2023-08-23,178.08,0.022331936391297047,0.9575738022261666,-0.07811772014287899
2023-08-24,173.34,-0.026617250673854453,0.9320858202935968,-0.10265569187762047
2023-08-25,175.57,0.012864889811930347,0.9440770016669366,-0.09111145623026318
2023-08-28,177.15,0.008999259554593575,0.9525729956444599,-0.0829321323186828
2023-08-29,181.08,0.022184589331075477,0.9737054363607045,-0.0625873582854477
2023-08-30,184.61,0.01949414623370882,0.9926869925256774,-0.044313299166536924
2023-08-31,184.83,0.0011917014246247692,0.9938699790288767,-0.043174405963658624
2023-09-01,186.42,0.008602499594221547,1.0024197451201817,-0.03494331417922014
2023-09-05,186.66,0.001287415513357093,1.0037102758509449,-0.03370088523062553
2023-09-06,179.87,-0.036376299153541125,0.9671990105931076,-0.0688512709012783
2023-09-07,174.52,-0.02974370378606772,0.9384309297198484,-0.09654708288036407
2023-09-08,175.14,0.0035526014210405243,0.9417648007743196,-0.09333747476316168
2023-09-11,176.32,0.006737467169121825,0.9481099102005711,-0.08722886576590538
2023-09-12,173.26,-0.017354809437386542,0.9316556433833425,-0.10306983486048527
2023-09-13,171.17,-0.012062795798222337,0.9204172716029478,-0.11388932028782905
2023-09-14,172.7,0.00893848221066773,0.9286444050115621,-0.10596883574053906
2023-09-15,171.97,-0.004226983207874846,0.9247190407054913,-0.10974789045918065
2023-09-18,174.93,0.017212304471710294,0.9406355863849021,-0.09442460009318165
2023-09-19,176.03,0.006288229577545268,0.9465505189008993,-0.08873013407879027
2023-09-20,172.45,-0.02033744248139524,0.9273001021670174,-0.10726303256199154
2023-09-21,170.89,-0.009046100318933048,0.9189116524170577,-0.11533882072785584
2023-09-22,171.75,0.005032477032008931,0.923536054202292,-0.11088678366205873
2023-09-25,173.04,0.00751091703056761,0.9304726568801432,-0.10420872806336334
2023-09-26,168.92,-0.023809523809523836,0.9083185460020445,-0.12553709168090244
2023-09-27,167.39,-0.009057542031731036,0.9000914125934302,-0.13345757622819243
2023-09-28,167.65,0.001553258856562545,0.9014894875517568,-0.13211161153388162
2023-09-29,168.17,0.003101699970175842,0.90428563746841,-0.12941968214526034
2023-10-02,170.71,0.015103764048284507,0.9179437543689853,-0.11627064243930185
2023-10-03,169.36,-0.007908148321715158,0.9106845190084434,-0.12325930527514584
2023-10-04,170.62,0.0074397732640527625,0.9174598053449492,-0.11673655329502475
2023-10-05,171.87,0.007326222013831929,0.9241813195676734,-0.11026556918776165
2023-10-06,174.45,0.015011345784604613,0.9380545249233758,-0.09690945799037087
2023-10-09,175.95,0.008598452278589797,0.9461203419906447,-0.08914427706165529
2023-10-10,175.35,-0.0034100596760443525,0.942894015163737,-0.09225034943314159
2023-10-11,176.76,0.008041060735671568,0.9504758832069699,-0.0849510793601489
2023-10-12,177.67,0.005148223579995559,0.9553691455611131,-0.08024020293006129
2023-10-13,175.81,-0.010468846738335036,0.9453675323976997,-0.08986902728166868
2023-10-16,175.68,-0.000739434616915946,0.9446684949185364,-0.09054200962882397
2023-10-17,174.11,-0.008936703096539156,0.936226273054795,-0.09866956566754626
2023-10-18,172.8,-0.007523979093676414,0.9291821261493801,-0.10545115701195795
2023-10-19,172.42,-0.0021990740740741588,0.9271387858256719,-0.10741833618056607
2023-10-20,169.84,-0.014963461315392501,0.9132655804699694,-0.12077444737795684
2023-10-23,169.96,0.0007065473386718146,0.9139108458353511,-0.12015323290365942
2023-10-24,170.4,0.0025888444339845496,0.91627681884175,-0.11787544649790282
2023-10-25,168.06,-0.01373239436619722,0.9036941442168105,-0.1299891287466992
2023-10-26,163.85,-0.02505057717481851,0.8810560843146757,-0.1517834032199611
2023-10-27,165.18,0.008117180347879227,0.8882077754476543,-0.1448982761298332
2023-10-30,167.25,0.012531783508899386,0.8993386030004854,-0.1341823264482056
2023-10-31,167.73,0.0028699551569506543,0.9019196644620114,-0.1316974685510166
2023-11-01,170.93,0.019078280569963635,0.9191267408721852,-0.11513174923642322
2023-11-02,174.53,0.021061253144561976,0.9384847018336304,-0.09649531500750574
2023-11-03,173.61,-0.005271300063026341,0.9335376673657055,-0.10125795931045134
2023-11-06,176.19,0.014860895109728656,0.947410872721408,-0.08790184811306045
2023-11-07,178.78,0.014700039729837133,0.9613378501908924,-0.07449396904281147
2023-11-08,179.85,0.0059850095088935795,0.9670914663655441,-0.06895480664699438
2023-11-09,179.37,-0.002668890742285157,0.9645104049040182,-0.07143966454418327
2023-11-10,183.6,0.02358253888610129,0.9872560090337165,-0.0495418543252053
2023-11-13,182.0,-0.008714596949891074,0.9786524708286296,-0.057824713982501996
2023-11-14,184.64,0.01450549450549432,0.9928483088670227,-0.044157995547962625
2023-11-15,185.21,0.0030870883882150313,0.995913319352585,-0.04120722679505062
2023-11-16,186.91,0.009178770044814044,1.0050545786954899,-0.03240668840917271
2023-11-17,186.89,-0.0001070033706062068,1.0049470344679263,-0.03251022415488891
2023-11-20,188.65,0.009417304296645224,1.014410926493522,-0.023399078531862516
2023-11-21,187.84,-0.004293665518155354,1.0100553852771967,-0.027592276233368906
2023-11-22,188.51,0.003566865417376386,1.0136581169005767,-0.02412382875187602
2023-11-24,187.17,-0.0071083762134634965,1.0064526536538165,-0.031060723714862015
2023-11-27,186.99,-0.0009616925789388553,1.0054847556057442,-0.03199254542630792
2023-11-28,187.6,0.0032622065351086693,1.0087648545464334,-0.028834705181963738
2023-11-29,186.57,-0.005490405117270836,1.0032263268269086,-0.03416679608634865
2023-11-30,187.15,0.00310875274695821,1.0063451094262525,-0.031164259460578547
2023-12-01,188.44,0.006892866684477639,1.0132817121041038,-0.02448620386188316
2023-12-04,186.63,-0.009605179367437877,1.0035489595095992,-0.033856188849200164
2023-12-05,190.62,0.021379199485613398,1.0250040329085346,-0.013200807578816476
2023-12-06,189.52,-0.0057706431644108935,1.0190891003925373,-0.018895273593207973
2023-12-07,191.47,0.010289151540734398,1.0295746625799869,-0.008800538385877688
2023-12-08,192.91,0.007520760432443652,1.037317846964565,-0.0013459646943108083
2023-12-11,190.38,-0.013114924057850863,1.0237135021777712,-0.014443236527411307
2023-12-12,191.91,0.008036558462023224,1.0319406355863854,-0.006522751980121533
2023-12-13,195.16,0.016935021624719937,1.049416572565468,0.0
2023-12-14,195.31,0.0007686001229760819,1.050223154272195,0.0
2023-12-15,194.77,-0.0027648353898929168,1.0473194601279783,-0.0027648353898928058
2023-12-18,193.09,-0.008625558350875417,1.038285745012637,-0.011366545491782176
2023-12-19,194.14,0.005437878709410038,1.0439318169597251,-0.005990476678101486
2023-12-20,192.03,-0.01086844545173582,1.0325859009517668,-0.016793814960831543
2023-12-21,191.88,-0.0007811279487580647,1.03177931924504,-0.017561824791357372
2023-12-22,190.8,-0.0056285178236397115,1.0259719309566064,-0.023091495571143206
2023-12-26,190.25,-0.002882599580712797,1.023014464698608,-0.025907531616404578
2023-12-27,190.35,0.0005256241787121585,1.0235521858364258,-0.025395525062720692
2023-12-28,190.78,0.0022589965852377603,1.025864386729043,-0.023193896881880005
2023-12-29,189.73,-0.0055037215641052795,1.0202183147819546,-0.028569965695560917
2024-01-02,182.84,-0.03631476308438297,0.9831693283862994,-0.06384721724438058
2024-01-03,181.45,-0.007602275213301368,0.9756950045706301,-0.07096410834058675
2024-01-04,179.11,-0.012896114632129918,0.9631123299456907,-0.08294506169678961
2024-01-05,178.38,-0.004075707665680439,0.9591869656396197,-0.08668270953868218
2024-01-08,182.76,0.024554322233434123,0.9827391514760448,-0.064256822487328
2024-01-09,182.34,-0.0022980958634273296,0.9804807226972097,-0.06640725001280023
2024-01-10,183.39,0.00575847318196776,0.9861267946442979,-0.06103118119911943
2024-01-11,182.79,-0.0032717160150498303,0.9829004678173904,-0.06410322052122264
2024-01-12,183.12,0.001805350402100947,0.9846749475721898,-0.062413598894065614
2024-01-16,180.83,-0.0125054608999563,0.9723611335161593,-0.07413854897342653
2024-01-17,179.88,-0.00525355306088604,0.9672527827068889,-0.07900261123342356
2024-01-18,185.83,0.03307760729375153,0.9992471904070557,-0.04853822128923224
2024-01-19,188.76,0.01576709896141626,1.0150024197451208,-0.03353642926629441
2024-01-22,191.09,0.012343716889171574,1.0275313222562787,-0.02160667656545967
2024-01-23,192.38,0.006750745721911144,1.03446792493413,-0.01500179202293761
2024-01-24,191.7,-0.0035346709637176232,1.0308114211969681,-0.01848343658798801
2024-01-25,191.37,-0.0017214397496086997,1.029036941442169,-0.020173058215144812
2024-01-26,189.62,-0.009144589016042204,1.0196268215303552,-0.029133172904612814
2024-01-29,188.93,-0.0036388566606897488,1.0159165456794115,-0.03266601812503167
2024-01-30,185.24,-0.01953104324352939,0.9960746356939298,-0.05155905995596721
2024-01-31,181.6,-0.019650183545670608,0.9765015862773572,-0.07019609851006081
2024-02-01,184.06,0.01354625550660793,0.9897295262676782,-0.057600737289437154
2024-02-02,183.05,-0.005487341084428943,0.9842985427757172,-0.06277200348164436
2024-02-05,184.88,0.00999726850587268,0.9941388395977852,-0.05340228354922938
2024-02-06,186.5,0.0087624405019473,1.0028499220304357,-0.045107777379550296
2024-02-07,186.61,0.0005898123324397098,1.0034414152820355,-0.044544570170497955
2024-02-08,185.52,-0.005841058892878226,0.99758025487982,-0.050125441605652354
2024-02-09,186.29,0.004150495903406437,1.001720707641018,-0.04618299114228652
2024-02-12,184.59,-0.00912555692737127,0.9925794482981132,-0.05488710255491258
2024-02-13,182.48,-0.01143073839319575,0.9812335322901549,-0.06569044083764264
2024-02-14,181.59,-0.004877246821569425,0.9764478141635754,-0.07024729916542916
2024-02-15,181.3,-0.001597004240321609,0.9748884228639034,-0.07173211817111236
2024-02-16,179.75,-0.008549365692222866,0.9665537452277255,-0.0796682197532127
2024-02-20,179.0,-0.004172461752433909,0.962520836694091,-0.08350826890584184
2024-02-21,179.76,0.004245810055865773,0.9666075173415072,-0.07961701909784447
2024-02-22,181.81,0.011404094348019589,0.9776308006667747,-0.0691208847473248
2024-02-23,179.96,-0.010175457895605255,0.967682959617143,-0.0785930059904767
2024-02-26,178.6,-0.007557234941098057,0.9603699521428192,-0.0855562951205775
2024-02-27,180.07,0.008230683090705515,0.9682744528687427,-0.07802979878142446
2024-02-28,178.86,-0.006719609040928387,0.961768027101146,-0.08422507808099933
2024-02-29,178.19,-0.0037459465503746348,0.9581652954777657,-0.08765552199068138
2024-03-01,177.1,-0.006117066053089371,0.9523041350755503,-0.09323639342583578
2024-03-04,172.53,-0.025804630152456154,0.9277302790772711,-0.11663509292918939
2024-03-05,167.56,-0.028806584362139898,0.9010055385277201,-0.14208181864727853
2024-03-06,166.56,-0.0059680114585819455,0.8956283271495409,-0.1472018841841174
2024-03-07,166.44,-0.0007204610951009327,0.8949830617841593,-0.14781629204853808
2024-03-08,168.17,0.01039413602499395,0.9042856374684094,-0.13895857866980688
2024-03-11,170.19,0.012011654873045119,0.9151476044523316,-0.12861604628539236
2024-03-12,170.67,0.0028203772254538073,0.9177286659138575,-0.12615841482770984
2024-03-13,168.57,-0.012304447178765998,0.9064365220196811,-0.13691055245507133
2024-03-14,170.44,0.01109331435012173,0.9164919072968765,-0.12733602990118253
2024-03-15,170.06,-0.002229523586012694,0.9144485669731683,-0.12928165480518128
2024-03-18,171.16,0.006468305304010213,0.9203634994891654,-0.12364958271465865
2024-03-19,173.52,0.013788268286982985,0.9330537183416685,-0.11156622804771898
2024-03-20,176.11,0.014926233287229085,0.9469806958111527,-0.09830525830730641
2024-03-21,168.81,-0.04145136562375795,0.907727052750444,-0.13568173672623018
2024-03-22,169.72,0.005390675907825271,0.912620315104587,-0.13102247708770698
2024-03-25,168.29,-0.008425642234268227,0.9049309028337906,-0.13834417080538652
2024-03-26,167.15,-0.0067740210351178165,0.8988008818626664,-0.14418104551738264
2024-03-27,170.75,0.021537541130720816,0.9181588428241116,-0.12574880958476287
2024-03-28,168.92,-0.01071742313323576,0.9083185460020435,-0.13511852951717807
2024-04-01,167.47,-0.008583945062751508,0.9005215895036837,-0.1425426245455943
2024-04-02,166.28,-0.007105750283632917,0.8941227079636503,-0.14863550253443258
2024-04-03,167.09,0.004871301419292706,0.8984782491799755,-0.14448824944959304
2024-04-04,166.26,-0.004967382847567259,0.8940151637360867,-0.14873790384516938
2024-04-05,167.02,0.0045711536148203,0.898101844383503,-0.14484665403717178
2024-04-08,165.89,-0.006765656807568132,0.8920255955261603,-0.15063232809379978
2024-04-09,167.11,0.00735427090240548,0.8985857934075393,-0.14438584813885613
2024-04-10,165.22,-0.01130991562443906,0.8884228639027804,-0.15406277200348173
2024-04-11,172.48,0.04394141145139807,0.9274614185083618,-0.11689109620603155
2024-04-12,173.99,0.008754638218924082,0.9355810076894127,-0.10915979724540481
2024-04-15,170.13,-0.022185183056497526,0.9148249717696406,-0.12892325021760287
2024-04-16,166.82,-0.019455710339152388,0.8970264021078672,-0.14587066714453956
2024-04-17,165.44,-0.008272389401750346,0.8896058504059798,-0.15293635758537716
2024-04-18,164.48,-0.005802707930367523,0.8844437274829278,-0.15785162050074242
2024-04-19,162.44,-0.012402723735408516,0.8734742162714421,-0.16829655419589373
2024-04-22,163.28,0.0051711401132725765,0.8779910738291127,-0.16399569914494905
2024-04-23,164.34,0.006491915727584452,0.8836909178899827,-0.1585684296758999
2024-04-24,166.46,0.012900085189241794,0.8950906060117227,-0.1477138907378014
2024-04-25,167.33,0.005226480836237002,0.8997687799107388,-0.14325943372075156
2024-04-26,166.74,-0.003525966652722201,0.896596225197613,-0.14628027238748653
2024-04-29,170.94,0.025188916876574208,0.9191805129859658,-0.12477599713276344
2024-04-30,167.77,-0.01854451854451844,0.9021347529171376,-0.14100660488454253
2024-05-01,166.74,-0.006139357453656791,0.896596225197613,-0.14628027238748653
2024-05-02,170.47,0.022370157130862323,0.9166532236382215,-0.1271824279350776
2024-05-03,180.82,0.060714495219100106,0.9723073614023771,-0.07418974962879532
2024-05-06,179.15,-0.009235704015042479,0.9633274184008178,-0.08274025907531612
2024-05-07,179.84,0.0038515210717275927,0.9670376942517616,-0.07920741385489727
2024-05-08,180.18,0.0018905693950177493,0.9688659461203425,-0.07746659157237212
2024-05-09,182.01,0.010156510156509979,0.9787062429424104,-0.06809687163995715
2024-05-10,180.74,-0.006977638591286084,0.9718771844921228,-0.07459935487174241
2024-05-13,183.97,0.01787097488104461,0.9892455772436419,-0.05806154318775281
2024-05-14,185.12,0.006251019187911044,0.9954293703285481,-0.05217346782038812
2024-05-15,187.41,0.012370354364736436,1.0077431843845785,-0.0404485177410272
2024-05-16,187.53,0.0006403073475267362,1.00838844974996,-0.039834109876606516
2024-05-17,187.56,0.00015997440409543096,1.0085497660913054,-0.03968050791050137
2024-05-20,188.73,0.006238003838771489,1.014841103403775,-0.0336900312324
2024-05-21,190.04,0.006941132835267316,1.0218852503091898,-0.02698274537914125
2024-05-22,188.59,-0.007629972637339444,1.0140882938108298,-0.03440684040755759
2024-05-23,184.57,-0.02131608250702588,0.992471904070549,-0.054989503865649936
2024-05-24,187.67,0.01679579563309308,1.0091412593429048,-0.039117300701449365
2024-05-28,187.68,5.328502158064019e-05,1.0091950314566869,-0.03906610004608069
2024-05-29,187.98,0.0015984654731457937,1.0108081948701406,-0.03753008038502914
2024-05-30,188.98,0.005319714863283309,1.01618540624832,-0.03241001484819017
2024-05-31,189.94,0.005079902635199529,1.021347529171372,-0.027494751932824912
2024-06-03,191.72,0.009371380435927223,1.0309189654245312,-0.018381035277251656
2024-06-04,192.04,0.0016691007719591422,1.0326396730655487,-0.016742614305463088
2024-06-05,193.56,0.007915017704644978,1.0408130343603814,-0.00896011468946778
2024-06-06,192.17,-0.0071812357925191694,1.0333387105447123,-0.016077005785673837
2024-06-07,194.58,0.012540979341208347,1.0462977899661243,-0.003737647841892122
2024-06-10,190.81,-0.019375064240929274,1.0260257030703883,-0.02304029491577475
2024-06-11,204.84,0.07352864105654833,1.1014679787062436,0.0
2024-06-12,210.76,0.028900605350517417,1.1333010700650648,0.0
2024-06-13,211.93,0.005551338014803564,1.1395924073775345,0.0
2024-06-14,210.18,-0.008257443495493844,1.1301822874657208,-0.008257443495493844
2024-06-17,214.36,0.019887715291654784,1.1526590310265101,0.0
2024-06-18,211.98,-0.01110281768986765,1.1398612679464433,-0.01110281768986765
2024-06-20,207.37,-0.021747334654212636,1.1150723234930369,-0.03260869565217406
2024-06-21,205.18,-0.010560833293147498,1.1032962305748242,-0.042825153946632
2024-06-24,205.83,0.0031679500926016235,1.1067914179706406,-0.039792871804441354
2024-06-25,206.76,0.0045182917941990475,1.1117922245523473,-0.035454375816384
2024-06-26,210.94,0.020216676339717576,1.1342689681131366,-0.01595446911737297
2024-06-27,211.79,0.004029581871622279,1.138839597784589,-0.011989177085277358
2024-06-28,208.31,-0.01643137069738887,1.1201269021885252,-0.028223549169621442
2024-07-01,214.44,0.029427295857135993,1.153089207936764,0.0
2024-07-02,217.96,0.016414847976123914,1.1720169919879553,0.0
2024-07-03,219.24,0.005872637181134177,1.1788998225520249,0.0
2024-07-05,224.03,0.02184820288268563,1.2046566650535036,0.0
2024-07-08,225.51,0.006606258090434247,1.2126149378932087,0.0
2024-07-09,226.37,0.0038135781118353584,1.2172393396784429,0.0
2024-07-10,230.67,0.01899544992711033,1.2403613486046137,0.0
2024-07-11,225.26,-0.023453418303203688,1.2112706350486637,-0.0234534183032038
2024-07-12,228.23,0.013184764272396343,1.2272409528418562,-0.010577881822517066
2024-07-15,232.09,0.016912763440389167,1.2479969887616282,0.0
2024-07-16,232.51,0.0018096428109783957,1.2502554175404634,0.0
2024-07-17,226.57,-0.025547288288675696,1.2183147819540787,-0.025547288288675585
2024-07-18,221.87,-0.020744140883612094,1.193041888476636,-0.04576147262483321
2024-07-19,222.0,0.0005859286969847055,1.1937409259557994,-0.04520235688787566
2024-07-22,221.65,-0.001576576576576505,1.1918589019734367,-0.04670766848737673
2024-07-23,222.7,0.004737198285585276,1.1975049739205248,-0.04219173368887352
2024-07-24,216.23,-0.02905253704535249,1.1627144163037049,-0.07001849382822245
2024-07-25,215.18,-0.004855940433797223,1.1570683443566168,-0.07453442862672555
2024-07-26,215.65,0.0021842178641138243,1.1595956337043611,-0.07251301019310974
2024-07-29,215.93,0.0012984001854856597,1.1611012528902513,-0.0713087609135088
2024-07-30,216.49,0.002593433057009209,1.1641124912620318,-0.06890026235430713
2024-07-31,219.77,0.015150815280151608,1.1817497445824598,-0.054793342221839625
2024-08-01,216.05,-0.016926787095599916,1.161746518255633,-0.07079265407939406
2024-08-02,217.55,0.006942837306179062,1.169812335322902,-0.06434131865296078
2024-08-05,206.96,-0.04867846472075388,1.1128676668279833,-0.10988774676357971
2024-08-06,204.92,-0.009856977193660743,1.1018981556164975,-0.11866156294352903
2024-08-07,207.51,0.012639078664844927,1.1158251330859819,-0.10752225710722096
2024-08-08,211.0,0.016818466579923808,1.1345916007958274,-0.09251215001505297
2024-08-09,213.93,0.013886255924170587,1.1503468301338926,-0.07991054148208665
2024-08-12,215.47,0.007198616369840538,1.1586277356562886,-0.0732871704442819
2024-08-13,219.21,0.017357404743119753,1.1787385062106792,-0.05720184078104151
2024-08-14,219.66,0.00205282605720547,1.18115825133086,-0.05526644015311144
2024-08-15,222.66,0.013657470636438074,1.1972898854653977,-0.04236376930024499
2024-08-16,223.99,0.0059732327315189515,1.2044415765983763,-0.03664358522214073
2024-08-19,223.83,-0.0007143176034644094,1.2035812227778675,-0.037331727667627046
2024-08-20,224.45,0.0027699593441450343,1.2069150938323385,-0.034665175691368066
2024-08-21,224.34,-0.0004900868790376212,1.2063236005807387,-0.03513827362263988
2024-08-22,222.47,-0.00833556209325137,1.1962682153035433,-0.04318093845426019
2024-08-23,224.78,0.010383422483930538,1.2086895735871377,-0.03324588189755273
2024-08-26,225.12,0.0015125900880861298,1.2105178254557187,-0.031783579200894474
2024-08-27,225.97,0.003775764036958007,1.215088455127171,-0.028127822459249052
2024-08-28,224.43,-0.006815063946541522,1.206807549604775,-0.0347511934970538
2024-08-29,227.73,0.014703916588691301,1.2245523471527666,-0.020558255558900562
2024-08-30,226.94,-0.003469020331093753,1.2203043501640052,-0.02395595888348867
2024-09-03,220.71,-0.02745219000616894,1.1868043232779484,-0.05075050535460812
2024-09-04,218.79,-0.00869919804268049,1.176480077431844,-0.05900821470044282
2024-09-05,220.32,0.006993006993007089,1.1847072108404584,-0.05242785256548077
2024-09-06,218.76,-0.007080610021786504,1.1763187610904986,-0.059137241408971475
2024-09-09,218.85,0.00041140976412501473,1.1768027101145346,-0.058750161283385616
2024-09-10,218.05,-0.0036554717843271245,1.1725009410119913,-0.062190873510816536
2024-09-11,220.6,0.011694565466636053,1.1862128300263484,-0.05122360328588005
2024-09-12,220.71,0.0004986400725295326,1.1868043232779482,-0.05075050535460823
2024-09-13,220.44,-0.0012233247247519508,1.1853524762058398,-0.05191174573136614
2024-09-16,214.26,-0.028034839412084955,1.1521213098886918,-0.07849124768827143
2024-09-17,214.73,0.0021935965649211298,1.1546485992364361,-0.07646982925465551
2024-09-18,218.63,0.018162343408000714,1.1756197236113353,-0.059696357145929024
2024-09-19,226.81,0.03741481041028227,1.2196053126848418,-0.02451507462044622
2024-09-20,226.14,-0.0029540143732640356,1.2160025810614616,-0.027396671110919812
2024-09-23,224.41,-0.007650128239143794,1.2067000053772117,-0.034837211302739424
2024-09-24,225.31,0.004010516465398073,1.211539495617573,-0.0309664100468795
2024-09-25,224.31,-0.004438329412808972,1.2061622842393938,-0.035267300331168205
2024-09-26,225.46,0.005126833400205033,1.2123460773242998,-0.030321276504236216
2024-09-27,225.73,0.0011975516721369761,1.213797924396408,-0.029160036127478306
2024-09-30,230.94,0.023080671598812774,1.2418131956767222,-0.006752397746333294
2024-10-01,224.15,-0.0294015761669697,1.205301930418885,-0.03595544277665452
2024-10-02,224.72,0.0025429399955385623,1.208366940904447,-0.033503935314609934
2024-10-03,223.61,-0.00493948024207902,1.2023982362746681,-0.038277923530170566
2024-10-04,224.74,0.005053441259335489,1.2084744851320108,-0.03341791750892409
2024-10-07,219.63,-0.02273738542315573,1.1809969349895146,-0.0553954668616401
2024-10-08,223.71,0.01857669717251742,1.202935957412486,-0.03784783450174167
2024-10-09,227.48,0.016852174690447308,1.2232080443082218,-0.02163347812997274
2024-10-10,226.98,-0.0021979954281695635,1.220519438619132,-0.023783923272117313
2024-10-11,225.49,-0.006564455018063131,1.212507393665645,-0.03019224979570767
2024-10-14,229.24,0.016630449243868917,1.2326719363338172,-0.01406391122962447
2024-10-15,231.79,0.011123713139068236,1.2463838253481745,-0.0030966410046878723
2024-10-16,229.72,-0.008930497433021212,1.2352529977953435,-0.011999483893165741
2024-10-17,230.09,0.001610656451332071,1.2372425660052697,-0.010408154487978938
2024-10-18,232.94,0.012386457473162693,1.2525676184330807,0.0
2024-10-21,234.42,0.006353567442259678,1.260525891272786,0.0
2024-10-22,233.8,-0.0026448255268320953,1.2571920202183149,-0.0026448255268320953
2024-10-23,228.7,-0.021813515825491958,1.2297682421896006,-0.02440064840883871
2024-10-24,228.51,-0.0008307826847397948,1.2287465720277466,-0.025211159457383947
2024-10-25,229.35,0.0036759879217540536,1.2332634295854172,-0.021627847453288718
2024-10-28,231.34,0.008676695007630242,1.2439640802279939,-0.013138810681682322
2024-10-29,231.61,0.0011671133396733424,1.2454159273001024,-0.011987031823223027
2024-10-30,228.04,-0.015413842234791364,1.2262192826800022,-0.02721610784062789
2024-10-31,223.85,-0.0183739694790388,1.203688767005431,-0.04509000938486474
2024-11-01,220.85,-0.013401831583649715,1.1875571328708934,-0.05788755225663322
2024-11-04,219.95,-0.004075164138555576,1.182717642630532,-0.061726815118163914
2024-11-05,221.39,0.006546942486928886,1.19046082701511,-0.055583994539714965
2024-11-06,220.66,-0.003297348570396097,1.1865354627090392,-0.05869806330517868
2024-11-07,225.42,0.02157164869029282,1.2121309888691727,-0.03839262861530568
2024-11-08,225.15,-0.0011977641735426703,1.2106791417970644,-0.03954440747376475
2024-11-11,222.67,-0.01101487896957587,1.1973436575791798,-0.05012370958109347
2024-11-12,222.67,0.0,1.1973436575791798,-0.05012370958109347
2024-11-13,223.56,0.003996946153500769,1.2021293757057594,-0.046327105195802076
2024-11-14,226.66,0.013866523528359265,1.2187987309781152,-0.033102977561641156
2024-11-15,223.44,-0.014206300185299559,1.201484110340378,-0.046839006910672776
2024-11-18,226.46,0.013515932688864973,1.2177232887024794,-0.03395614708642569
2024-11-19,226.72,0.0011481056257174327,1.2191213636608058,-0.03284702670420592
2024-11-20,227.44,0.00317572335920957,1.2229929558530948,-0.0297756164149815
2024-11-21,226.96,-0.002110446711220515,1.2204118943915687,-0.03182322327446452
2024-11-22,228.31,0.005948184702150083,1.2276711297521106,-0.026064328982168705
2024-11-25,231.31,0.01314002890806365,1.2438027638866485,-0.013266786110400108
2024-11-26,233.5,0.009467813756430798,1.2555788568048611,-0.003924579814008955
2024-11-27,233.37,-0.0005567451820128744,1.2548798193256978,-0.004479140005118953
2024-11-29,235.77,0.010284098213138027,1.2677851266333282,0.0
2024-12-02,238.03,0.00958561309751027,1.2799376243480134,0.0
2024-12-03,241.09,0.012855522413141252,1.2963918911652421,0.0
2024-12-04,241.45,0.0014932183002198673,1.2983276872613867,0.0
2024-12-05,241.48,0.0001242493269828504,1.2984890036027321,0.0
2024-12-06,241.28,-0.0008282259400363978,1.2974135613270963,-0.0008282259400363978
2024-12-09,245.19,0.01620523872679036,1.318438457815777,0.0
2024-12-10,246.21,0.004160039153309647,1.32392321342152,0.0
2024-12-11,244.93,-0.0051988140205515565,1.3170403828574504,-0.0051988140205516675
2024-12-12,246.4,0.0060017147756501465,1.324944883583374,0.0
2024-12-13,246.57,0.0006899350649349767,1.3258590095176643,0.0
2024-12-16,249.48,0.011801922374984786,1.341506694628166,0.0
2024-12-17,251.92,0.009780343113676482,1.3546270903909234,0.0
2024-12-18,246.49,-0.021554461733883645,1.3254288326074102,-0.021554461733883645
2024-12-19,248.23,0.007059109903038596,1.334785180405442,-0.014647507145125305
2024-12-20,252.93,0.018934053095919223,1.3600580738828847,0.0
2024-12-23,253.71,0.003083857193689976,1.3642522987578645,0.0
2024-12-24,256.64,0.011548618501438623,1.3800075280959296,0.0
2024-12-26,257.46,0.003195137157107286,1.3844168414260367,0.0
2024-12-27,254.03,-0.013322457857531167,1.365973006398882,-0.013322457857531167
2024-12-30,250.64,-0.013344880525922198,1.347744259826854,-0.026489551775032982
2024-12-31,248.86,-0.007101819342483107,1.3381728235736952,-0.033403247106346456
2025-01-02,242.29,-0.02640038575906145,1.302844544819057,-0.05892177425619516
2025-01-03,241.8,-0.0020223698873250706,1.3002097112437494,-0.06082498252155666
2025-01-06,243.44,0.006782464846980973,1.3090283379039633,-0.05445506098034636
2025-01-07,240.65,-0.011460729543213866,1.2940259181588432,-0.06529169579740535
2025-01-08,241.14,0.0020361520880947115,1.296660751734151,-0.06338848753204374
2025-01-10,235.29,-0.024259766110972802,1.2652040651718024,-0.08611046376136078
2025-01-13,232.84,-0.010412682221938807,1.2520298972952633,-0.09562650508816883
2025-01-14,231.72,-0.004810170073870523,1.2460074205517024,-0.09997669540899534
2025-01-15,236.31,0.019808389435525653,1.2706888207775453,-0.08214868329060798
2025-01-16,226.7,-0.04066692057043719,1.2190138194332423,-0.11947486988270017
2025-01-17,228.42,0.007587119541244025,1.2282626230037108,-0.11279422046143073
2025-01-21,221.08,-0.03213378863497052,1.188793891487875,-0.1413035034568474
2025-01-22,222.27,0.005382666907906675,1.1951927730279084,-0.13668142624096913
2025-01-23,222.1,-0.0007648355603545598,1.194278647093618,-0.1373417229860946
2025-01-24,221.22,-0.003962179198559235,1.1895467010808203,-0.14075972966674388
2025-01-27,228.3,0.03200433957146731,1.2276173576383296,-0.113260312281519
2025-01-28,236.7,0.036793692509855314,1.2727859332150353,-0.0806338848753202
2025-01-29,237.8,0.004647232784114941,1.2787008657310326,-0.07636137652450836
2025-01-30,236.03,-0.007443229604709889,1.269183201591655,-0.08323623087081466
2025-01-31,234.44,-0.006736431809515775,1.26063343550035,-0.08941194748698822
2025-02-03,226.45,-0.03408121480975945,1.2176695165886975,-0.12044589450788457
2025-02-04,231.24,0.021152572311768703,1.2434263590901764,-0.10184106268934956
2025-02-05,230.91,-0.0014270887389725706,1.2416518793353772,-0.1031228151945931
2025-02-06,231.66,0.0032480187085877077,1.2456847878690116,-0.1002097413190397
2025-02-07,226.07,-0.02413019079685752,1.2156261762649894,-0.12192185193816507
2025-02-10,226.34,0.0011943203432565053,1.2170780233370977,-0.12087314534296578
2025-02-11,231.31,0.021958116108509396,1.243802763886649,-0.10156917579429792
2025-02-12,235.56,0.018373611171155657,1.266655912243911,-0.08506175716616149
2025-02-13,240.22,0.01978264561046017,1.2917137172662263,-0.06696185815272249
2025-02-14,243.29,0.012779951710931714,1.3082217561972367,-0.05503767575545693
2025-02-18,243.16,-0.0005343417320892163,1.3075227187180734,-0.05554260856055293
2025-02-19,243.56,0.0016450074025333716,1.3096736032693452,-0.05398896916025753
2025-02-20,244.52,0.0039415339136148475,1.3148357261923975,-0.05026023459954898
2025-02-21,244.24,-0.0011451006052675128,1.3133301070065073,-0.05134778217975566
2025-02-24,245.79,0.006346216835898977,1.321664784642685,-0.045327429503611905
2025-02-25,245.73,-0.00024411082631514702,1.3213421519599942,-0.045560475413656265
2025-02-26,239.05,-0.027184307980303468,1.2854223799537567,-0.07150625339858585
2025-02-27,235.99,-0.012800669316042623,1.2689681131365282,-0.08339159481084402
2025-02-28,240.53,0.019238103309462184,1.2933806527934621,-0.06575778761749351
2025-03-03,236.72,-0.01584001995593065,1.272893477442599,-0.0805562029053053
2025-03-04,234.62,-0.008871240283879644,1.2616013335484226,-0.08871280975685503
2025-03-05,234.43,-0.0008098201346858902,1.2605796633865685,-0.08945078847199528
2025-03-06,234.02,-0.001748922919421525,1.258375006721515,-0.09104326885729785
2025-03-07,237.76,0.015981540039312847,1.2784857772759053,-0.07651674046453794
2025-03-10,226.17,-0.0487466352624496,1.2161638974028073,-0.12153344208809125
2025-03-11,219.53,-0.029358447185745207,1.180459213851697,-0.14732385613299137
2025-03-12,215.67,-0.01758301826629627,1.159703177931925,-0.16231647634584
2025-03-13,208.37,-0.03384800853155279,1.1204495348712162,-0.1906703954012272
2025-03-14,212.18,0.018284781878389333,1.140936710222079,-0.17587198011341565
2025-03-17,212.69,0.002403619568291049,1.1436790880249506,-0.17389108987803925
2025-03-18,211.38,-0.006159198833983748,1.1366349411195358,-0.1789792589140059
2025-03-19,213.93,0.012063582174283383,1.150346830133893,-0.16907480773712402
2025-03-20,212.79,-0.005328845884167821,1.1442168091627685,-0.17350268002796543
2025-03-21,216.96,0.019596785563231522,1.1666397806097764,-0.15730598927988793
2025-03-24,219.42,0.011338495575221152,1.1798677206000974,-0.14775110696807248
2025-03-25,222.44,0.013763558472336124,1.1961068989621988,-0.13602112949584377
2025-03-26,220.22,-0.009980219385002709,1.1841694897026407,-0.1446438281674821
2025-03-27,222.54,0.010534919625828643,1.1966446201000165,-0.13563271964577017
2025-03-28,216.59,-0.02673676642401357,1.16465021239985,-0.15874310572516104
2025-03-31,220.82,0.01952998753405044,1.1873958165295482,-0.1423133690670394
2025-04-01,221.88,0.00480028982881997,1.1930956605904184,-0.13819622465625703
2025-04-02,222.58,0.003154858482062428,1.196859708555144,-0.13547735570574038
2025-04-03,201.88,-0.09300026956599883,1.0855514330268328,-0.21587819467101665
2025-04-04,187.07,-0.07336041212601552,1.0059149325159975,-0.2734016934669462
2025-04-07,180.15,-0.036991500507831176,0.9687046297789971,-0.3002796550920529
2025-04-08,171.11,-0.050180405217873925,0.9200946389202564,-0.3353919055387242
2025-04-09,197.54,0.1544620419613112,1.0622143356455345,-0.23273518216421962
2025-04-10,189.11,-0.042674901285815414,1.0168844437274833,-0.2654781325254407
2025-04-11,196.84,0.040875680820686267,1.058450287680809,-0.23545405111473616
2025-04-14,201.21,0.022200772200772212,1.0819487014034526,-0.21848054066651112
2025-04-15,200.83,-0.0018885741265344258,1.0799053610797444,-0.21995649809679163
2025-04-16,192.96,-0.0391873724045213,1.0375867075334735,-0.2505243532975995
2025-04-17,195.67,0.014044361525704652,1.052158950368339,-0.23999844636059975
2025-04-21,191.85,-0.019522665712679466,1.0316180029036943,-0.2548357026334188
2025-04-22,198.43,0.03429762835548611,1.067000053772114,-0.22927833449856283
2025-04-23,203.29,0.024492264274555087,1.0931333010700652,-0.2104016157849763
2025-04-24,207.06,0.01854493580599148,1.1134053879658012,-0.19575856443719408
2025-04-25,207.97,0.0043948613928330715,1.1182986503199446,-0.1922240348015224
2025-04-28,208.83,0.004135211809395578,1.1229230521051787,-0.18888371009088767
2025-04-29,209.9,0.005123784896805983,1.1286766682798306,-0.18472772469509802
2025-04-30,211.19,0.006145783706526853,1.1356132709576818,-0.17971723762914604
2025-05-01,212.01,0.0038827596003598863,1.140022584287789,-0.1765322768585409
2025-05-02,204.04,-0.037592566388377935,1.0971662096037,-0.20748854190942256
2025-05-05,197.58,-0.03166045873358159,1.062429424100662,-0.23257981822418983
2025-05-06,197.2,-0.0019232715861930982,1.0603860837769536,-0.23405577565447044
2025-05-07,194.94,-0.01146044624746445,1.0482335860622685,-0.24283383826613836
2025-05-08,196.18,0.006360931568687889,1.054901328171211,-0.23801755612522313
2025-05-09,197.22,0.005301253950453555,1.0604936280045172,-0.23397809368445577
2025-05-12,209.74,0.06348240543555428,1.1278163144593218,-0.1853491804552162
2025-05-13,211.88,0.01020310861066065,1.1393235468086254,-0.177037209663637
2025-05-14,211.28,-0.0028317915801396865,1.1360972199817179,-0.17936766876407972
2025-05-15,210.4,-0.004165088981446408,1.1313652739689202,-0.18278567544472912
2025-05-16,210.21,-0.0009030418250950412,1.1303436038070662,-0.18352365415986927
2025-05-19,207.73,-0.01179772608344043,1.1170081195891814,-0.1931562184416995
2025-05-20,205.81,-0.009242767053386558,1.1066838737430773,-0.20061368756311637
2025-05-21,201.04,-0.023176716388902396,1.0810345754691622,-0.2191408374116366
2025-05-22,200.31,-0.003631118185435711,1.0771092111630913,-0.2219762293171753
2025-05-23,194.22,-0.030402875542908547,1.0443619938699795,-0.24563038918666957
2025-05-27,199.16,0.025435073627844806,1.0709254180781853,-0.22644294259302378
2025-05-28,199.37,0.001054428600120616,1.072054632467603,-0.22562728190786885
2025-05-29,198.9,-0.0023574258915584068,1.0695273431198589,-0.22745280820321556
2025-05-30,199.8,0.004524886877828038,1.07436683336022,-0.2239571195525515
2025-06-02,200.65,0.004254254254254297,1.0789374630316726,-0.22065563582692416
2025-06-03,202.22,0.007824570147022092,1.087379684895414,-0.2145576011807655
2025-06-04,201.77,-0.0022252991791118504,1.0849599397752334,-0.21630544550609754
2025-06-05,199.58,-0.010853942607919942,1.0731838468570207,-0.2248116212227138
2025-06-06,202.87,0.016484617697164028,1.0908748722912305,-0.21203293715528593
2025-06-09,200.4,-0.012175284665056463,1.0775931601871276,-0.22162666045210877
2025-06-10,201.62,0.0060878243512973995,1.0841533580685063,-0.21688806028120844
2025-06-11,197.73,-0.019293720861025765,1.0632360058073889,-0.23199720344907915
2025-06-12,198.15,0.0021241086329844006,1.0654944345862243,-0.23036588207876918
2025-06-13,195.4,-0.01387837496845823,1.0507071032962312,-0.2410471529557987
2025-06-16,197.37,0.010081883316274354,1.0613002097112445,-0.23339547890934476
2025-06-17,194.59,-0.014085220651568142,1.046351562079906,-0.24419327274139646
2025-06-18,195.53,0.004830669613032468,1.0514061407753945,-0.2405422201507027
2025-06-20,199.95,0.022605226819413904,1.075173415066947,-0.2233745047774408
2025-06-23,200.45,0.002500625156289127,1.0778620207560368,-0.2214324555270717
2025-06-24,199.25,-0.005986530306809623,1.0714093671022218,-0.22609337372795713
2025-06-25,200.51,0.0063237139272269705,1.0781846534387276,-0.22119940961702733
2025-06-26,199.95,-0.002792878160690293,1.0751734150669472,-0.2233745047774407
2025-06-27,200.03,0.00040010002500623365,1.0756035919772016,-0.22306377689738155
2025-06-30,204.12,0.020446932960056063,1.0975963865139549,-0.2071778140293632
2025-07-01,206.77,0.012982559278855499,1.1118459966661298,-0.1968849530024076
2025-07-02,211.39,0.02234366687623912,1.1366887132333179,-0.17894041792899829
2025-07-03,212.5,0.00525095794503061,1.142657417863097,-0.17462906859317906
2025-07-07,208.9,-0.016941176470588237,1.1232994569016517,-0.1886118231958358
2025-07-08,208.96,0.0002872187649594071,1.1236220895843425,-0.18837877728579144
2025-07-09,210.09,0.0054077335375191105,1.129698338441685,-0.18398974597995754
2025-07-10,211.36,0.006045028321195689,1.1365273968919727,-0.17905694088402035
2025-07-11,210.11,-0.005914080242240716,1.1298058826692485,-0.18391206400994287
2025-07-14,207.57,-0.012088905811241779,1.1161477657686731,-0.19377767420181735
2025-07-15,208.06,0.0023606494194730043,1.118782599343981,-0.19187446593645574
2025-07-16,209.11,0.005046621166971077,1.1244286712910694,-0.18779616251068076
2025-07-17,208.97,-0.0006695040887572112,1.1236758616981242,-0.18833993630078416
2025-07-18,210.13,0.005551036033880408,1.129913426896812,-0.1838343820399282
2025-07-21,211.43,0.006186646361776127,1.1369038016884452,-0.1787850539889687
2025-07-22,213.35,0.0090810197228397,1.1472280475345493,-0.17132758486755184
2025-07-23,213.1,-0.0011717834544175965,1.1458837446900045,-0.17229860949273634
2025-07-24,212.71,-0.0018301267010792932,1.1437866322525145,-0.17381340790802424
2025-07-25,212.83,0.0005641483710216999,1.1444318976178962,-0.17334731608793552
2025-07-28,213.0,0.0007987595733682795,1.1453460235521866,-0.17268701934281017
2025-07-29,210.22,-0.013051643192488305,1.130397375920848,-0.18348481317486176
2025-07-30,208.0,-0.010560365331557464,1.11845996666129,-0.1921075118465002
2025-07-31,206.52,-0.0071153846153845235,1.1105016938215848,-0.19785597762759233
2025-08-01,201.33,-0.025130737943056314,1.0825939667688345,-0.2180144488464223
2025-08-04,202.3,0.0048179605622609145,1.0878098618056684,-0.21424687330070646
2025-08-05,201.87,-0.0021255561047949234,1.0854976609130513,-0.21591703565602383
2025-08-06,212.2,0.05117154604448393,1.141044254449643,-0.17579429814340064
2025-08-07,218.98,0.031950989632422155,1.1775017475936984,-0.14946011030839723
2025-08-08,228.3,0.04256096447164137,1.2276173576383294,-0.11326031228151923
2025-08-11,226.39,-0.00836618484450291,1.2173468839060069,-0.12067894041792881
2025-08-12,228.86,0.010910375899995772,1.23062859601011,-0.11108521712110575
2025-08-13,232.54,0.016079699379533352,1.2504167338818097,-0.09679173463838997
2025-08-14,231.99,-0.002365184484389715,1.2474592676238112,-0.09892798881379583
2025-08-15,230.8,-0.005129531445320912,1.2410603860837779,-0.10355006602967398
2025-08-18,230.1,-0.003032928942807711,1.2372963381190523,-0.10626893498019063
2025-08-19,229.77,-0.00143415906127764,1.235521858364253,-0.10755068748543417
2025-08-20,225.22,-0.019802411106758955,1.2110555465935373,-0.12522333566379207
2025-08-21,224.11,-0.0049285143415326305,1.2050868419637584,-0.12953468499961118
2025-08-22,226.97,0.012761590290482294,1.220465666505351,-0.11842616328750066
2025-08-25,226.37,-0.002643521170198726,1.2172393396784436,-0.12075662238794338
2025-08-26,228.52,0.009497724963555276,1.228800344141529,-0.11240581061135668
2025-08-27,229.7,0.00516366182391037,1.2351454535677804,-0.10782257438048604
2025-08-28,231.77,0.009011754462342259,1.2462762811206116,-0.09978249048395826
2025-08-29,231.35,-0.0018121413470251202,1.2440178523417762,-0.10141381185426834
2025-09-02,228.93,-0.010460341473957135,1.2310050008065825,-0.11081333022605411
2025-09-03,237.68,0.03822129035076216,1.2780556003656511,-0.07682746834459686
2025-09-04,238.99,0.005511612251767106,1.2850997472710661,-0.07173929930862999
2025-09-05,238.9,-0.0003765847943428824,1.2846157982470299,-0.07208886817369653
2025-09-08,237.09,-0.007576391795730442,1.2748830456525253,-0.0791190864600323
2025-09-09,233.56,-0.014888860770171708,1.2559014894875524,-0.0928299541676374
2025-09-10,226.0,-0.03236855625963353,1.215249771468517,-0.12219373883321649
2025-09-11,229.24,0.014336283185840681,1.2326719363338179,-0.10960925969082547
2025-09-12,233.28,0.017623451404641388,1.2543958703016622,-0.09391750174784397
2025-09-15,235.91,0.011274005486968441,1.2685379362262736,-0.08370232269090316
2025-09-16,237.36,0.006146411767199433,1.2763348927246336,-0.07807037986483312
2025-09-17,238.2,0.003538928210313319,1.280851750282304,-0.07480773712421329
2025-09-18,237.09,-0.004659949622166204,1.274883045652525,-0.0791190864600324
2025-09-19,244.71,0.03213969378716941,1.3158573963542513,-0.04952225588440895
2025-09-22,255.29,0.04323484941359146,1.3727482927353878,-0.008428493746601373
2025-09-23,253.64,-0.0064632378863254125,1.363875893961392,-0.014837256272818955
2025-09-24,251.52,-0.008358303106765441,1.352476205839652,-0.023071545094383472
2025-09-25,256.08,0.018129770992366234,1.3769962897241492,-0.005360055931018515
2025-09-26,254.67,-0.005506091846298022,1.3694144216809165,-0.010836634817058988
2025-09-29,253.64,-0.004044449679977968,1.363875893961392,-0.014837256272818955
2025-09-30,253.84,0.0007885191610157438,1.364951336237028,-0.014060436572671309
2025-10-01,254.66,0.003230381342578026,1.369360649567135,-0.010875475802066048
2025-10-02,256.34,0.006597031335898729,1.3783943646824761,-0.004350190320826397
2025-10-03,257.23,0.003471951314660382,1.383180082809056,-0.0008933426551693824
2025-10-06,255.9,-0.005170470007386463,1.3760283916760774,-0.006059193661151041
2025-10-07,255.69,-0.0008206330597889666,1.3748991772866597,-0.00687485434630597
2025-10-08,257.27,0.006179357816105346,1.3833951712641828,-0.0007379787151401418
2025-10-09,253.25,-0.01562560733859364,1.3617787815239022,-0.016352054688106743
2025-10-10,244.48,-0.0346298124383021,1.3146206377372698,-0.05041559853957889
2025-10-13,246.87,0.009775850785340268,1.3274721729311183,-0.04113260312281508
2025-10-14,246.98,0.0004455786446306842,1.3280636661827179,-0.040705352287733976
2025-10-15,248.55,0.0063567900234837715,1.3365058880464595,-0.03460731764157521
2025-10-16,246.66,-0.007604103802052009,1.3263429585417006,-0.04194826380797012
2025-10-17,251.5,0.01962215195005279,1.3523686616120885,-0.023149227064398148
2025-10-20,261.45,0.0395626242544731,1.405871914824972,0.0
2025-10-21,261.98,0.00202715624402372,1.408721836855407,0.0
2025-10-22,257.66,-0.016489808382319282,1.3854922837016725,-0.016489808382319282
2025-10-23,258.79,0.004385624466350935,1.391568532559015,-0.012176502023055313
2025-10-24,262.03,0.012519803701843024,1.4089906974243156,0.0
2025-10-27,268.02,0.022859977865129943,1.4412001935796095,0.0
2025-10-28,268.21,0.0007089023207222933,1.4422218637414634,0.0
2025-10-29,268.91,0.002609895231348691,1.445985911706189,0.0
2025-10-30,270.61,0.006321817708526911,1.4551271710490936,0.0
2025-10-31,269.58,-0.0038062155870072223,1.4495886433295688,-0.0038062155870072223
2025-11-03,268.26,-0.004896505675495155,1.4424907243103722,-0.008684084106278522
2025-11-04,269.25,0.003690449563855891,1.4478141635747697,-0.0050256827168250195
2025-11-05,269.35,0.0003714020427112441,1.4483518847125876,-0.004656147222940832
2025-11-06,268.98,-0.0013736773714497774,1.4463623165026613,-0.006023428550312349
2025-11-07,267.68,-0.0048330730909361685,1.4393719417110282,-0.010827389970806789
2025-11-10,268.9,0.004557680812910858,1.4459321395924067,-0.006319056945419788
2025-11-11,274.72,0.021643733730011272,1.4772275098134102,0.0
2025-11-12,272.94,-0.0064793244030286745,1.4676560735602509,-0.0064793244030286745
2025-11-13,272.42,-0.001905180625778491,1.4648599236435977,-0.008372160745486412
2025-11-14,271.88,-0.0019822333162029526,1.4619562294993809,-0.01033779848573102
2025-11-17,266.93,-0.01820656171840518,1.4353390331773934,-0.028356144437973407
2025-11-18,266.91,-7.49260105644689e-05,1.4352314889498299,-0.028428945835760167
2025-11-19,268.03,0.0041961709939677405,1.4412539656933903,-0.024352067559697543
2025-11-20,265.72,-0.008618438234525794,1.4288326074097963,-0.03276062900407717
2025-11-21,270.96,0.019720006021375802,1.4570091950314557,-0.01368666278392583
2025-11-24,275.39,0.01634927664599939,1.4808302414367898,0.0
2025-11-25,276.44,0.003812774610552294,1.4864763133838779,0.0
2025-11-26,277.02,0.002098104471133011,1.4895950959832218,0.0
2025-11-28,278.32,0.004692801963757098,1.496585470774855,0.0
2025-12-01,282.57,0.015270192584075915,1.519438619132117,0.0
2025-12-02,285.66,0.010935343454719249,1.5360542022906911,0.0
2025-12-03,283.62,-0.007141356857803038,1.5250846910792053,-0.007141356857803038
2025-12-04,280.17,-0.012164163317114451,1.5065333118244868,-0.01921865154379343
2025-12-05,278.25,-0.006852982117999895,1.4962090659783824,-0.02593992858643157
2025-12-08,277.36,-0.0031985624438454208,1.4914233478518029,-0.02905552054890448
2025-12-09,276.65,-0.0025598500144218272,1.4876055277732954,-0.03154099278863021
2025-12-10,278.25,0.0057834809325862935,1.4962090659783822,-0.025939928586431793
2025-12-11,277.5,-0.0026954177897574594,1.4921761574447476,-0.028565427431212376
2025-12-12,277.75,0.0009009009009008917,1.4935204602892924,-0.02769026114961881
2025-12-15,273.58,-0.015013501350135017,1.4710974888422848,-0.04228803472659859
2025-12-16,274.08,0.0018276189779955487,1.4737860945313745,-0.04053770216341146
2025-12-17,271.31,-0.01010653823701102,1.4588912190138181,-0.05023454456346732
2025-12-18,271.66,0.001290037226788554,1.4607732429961808,-0.04900931176923651
2025-12-19,273.14,0.005447986453655185,1.468731515835886,-0.04382832738220299
2025-12-22,270.44,-0.009885040638500375,1.454213045114802,-0.0532801232234128
2025-12-23,271.83,0.005139772223043959,1.4616873689304712,-0.048414198697752875
2025-12-24,273.28,0.00533421623809005,1.4694843254288312,-0.043338234264510556
2025-12-26,272.87,-0.0015002927400467048,1.467279668763778,-0.04477350696632376
2025-12-29,273.23,0.0013193095613295291,1.4692154648599225,-0.04351326752082918
2025-12-30,272.55,-0.0024887457453427464,1.4655589611227606,-0.04589371980676338
2025-12-31,271.33,-0.004476242891212734,1.4589987632413817,-0.05016453126093989
2026-01-02,270.48,-0.0031327166181401855,1.4544281335699294,-0.053140096618357724
2026-01-05,266.73,-0.013864241348713446,1.4342635909017571,-0.0662675908422602
2026-01-06,261.83,-0.01837063697371888,1.4079152551486784,-0.08342084996149313
2026-01-07,259.8,-0.007753122254898104,1.3969995160509747,-0.09052720016803217
2026-01-08,258.51,-0.004965357967667505,1.3900629133731233,-0.09504305818105474
2026-01-09,258.84,0.001276546361842712,1.3918373931279222,-0.09388783868935147
2026-01-12,259.72,0.0033997836501316048,1.3965693391407203,-0.0908072533781421
2026-01-13,260.52,0.0030802402587399857,1.4008711082432634,-0.08800672127704312
2026-01-14,259.43,-0.00418393981268228,1.395009947841048,-0.09182244626479075
2026-01-15,257.68,-0.006745557568515581,1.3855998279292343,-0.09794861023594537
2026-01-16,255.0,-0.010400496740142873,1.3711889014357137,-0.10733039277462775
2026-01-20,246.17,-0.034627450980392216,1.3237081249663907,-0.13824126584051033
2026-01-21,247.12,0.0038591217451355853,1.328816475775661,-0.13491563397045492
2026-01-22,247.82,0.0028326319197151673,1.3325805237403867,-0.13246516838199307
2026-01-23,247.51,-0.0012509079170365256,1.330913588213151,-0.13355037457116903
2026-01-26,254.88,0.029776574683851198,1.3705436360703325,-0.10775047258979242
2026-01-27,257.74,0.011220966729441395,1.3859224606119254,-0.09773857032836264
2026-01-28,255.91,-0.007100178474431673,1.3760821637898573,-0.10414478750962719
2026-01-29,257.75,0.007190027744128802,1.385976232725707,-0.09770356367709898
2026-01-30,258.95,0.004655674102812757,1.392428886379522,-0.09350276552545034
2026-02-02,269.48,0.04066422089206423,1.4490509221917498,-0.05664076174473198
2026-02-03,268.95,-0.0019667507792787697,1.4462010001613146,-0.05849611426171031
2026-02-04,275.96,0.026064324223833424,1.4838952519223512,-0.03395645172582851
2026-02-05,275.38,-0.0021017538773734357,1.4807764693230074,-0.035986837499125346
2026-02-06,277.59,0.008025274166606033,1.4926601064687834,-0.028250367569838897
2026-02-09,274.35,-0.011671890197773482,1.4752379416034829,-0.03959252257929047
2026-02-10,273.41,-0.0034262802988882513,1.4701833629079943,-0.04288314779808211
2026-02-11,275.23,0.006656669470758159,1.4799698876162806,-0.03651193726808144
2026-02-12,261.46,-0.050030883261272474,1.405925686938752,-0.08471609605825159
2026-02-13,255.51,-0.022756827048114436,1.3739312792385854,-0.10554505356017685
2026-02-17,263.61,0.03170130327580134,1.4174866914018374,-0.07718966603654742
2026-02-18,264.08,0.001782936914380917,1.4200139807495813,-0.07554435342715193
2026-02-19,260.31,-0.01427597697667371,1.3997418938538455,-0.08874186095358183
2026-02-20,264.31,0.015366294034036443,1.4212507393665628,-0.07473920044808569
2026-02-23,265.91,0.006053497786689954,1.4298542775716496,-0.06913813624588727
2026-02-24,271.87,0.022413598585987682,1.461902457385598,-0.04827417209269813
2026-02-25,273.96,0.007687497701106993,1.4731408291659926,-0.04095778197857658
2026-02-26,272.68,-0.004672214921886297,1.4662579986019233,-0.045438633340335266
2026-02-27,263.91,-0.032162241455185536,1.419099854815291,-0.07613946649863523
2026-03-02,264.45,0.0020461520973058533,1.4220035489595078,-0.07424910733039336
2026-03-03,263.48,-0.0036679901682736826,1.416787653922674,-0.07764475250297609
2026-03-04,262.25,-0.004668286017914136,1.4101736839275134,-0.08195057060841615
2026-03-05,260.02,-0.008503336510962911,1.3981825025541734,-0.08975705384023036
2026-03-06,257.19,-0.010883778170909908,1.3829649943539262,-0.09966393614786873
2026-03-09,259.61,0.009409386057000813,1.39597784588912,-0.09119232654204357
2026-03-10,260.56,0.0036593351565810117,1.4010861966983903,-0.08786669467198838
2026-03-11,260.54,-7.675775253290773e-05,1.4009786524708268,-0.0879367079745158
2026-03-12,255.49,-0.019382820296307668,1.3738237350110214,-0.10561506686270461
2026-03-13,249.85,-0.022075227993267887,1.3434962628380902,-0.12535881817545413
2026-03-16,252.55,0.01080648389033434,1.3580147335591743,-0.11590702233424421
2026-03-17,253.96,0.005583052860819615,1.365596601602407,-0.11097108450605686
2026-03-18,249.67,-0.016892424003780215,1.342528364790018,-0.12598893789820143
2026-03-19,248.69,-0.003925181239235798,1.3372586976394023,-0.12941958972204792
2026-03-20,247.72,-0.0039004382966745244,1.3320428026025686,-0.13281523489463054
2026-03-23,251.22,0.014128855159050602,1.350863042426196,-0.12056290695232152
2026-03-24,251.37,0.0005970862192501425,1.3516696241329231,-0.12003780718336532
2026-03-25,252.35,0.0038986354775827348,1.3569392912835387,-0.11660715535951882
2026-03-26,252.62,0.0010699425401228257,1.358391138355647,-0.11566197577539794
2026-03-27,248.53,-0.016190325389913718,1.3363983438188938,-0.12997969614226768
2026-03-30,246.36,-0.008731340280851319,1.3247297951282448,-0.13757613946649916
2026-03-31,253.52,0.029063159603831767,1.3632306285960083,-0.11251137716166137
2026-04-01,255.36,0.007257810034711376,1.3731246975318583,-0.10607015332913305
2026-04-02,255.65,0.001135651629072587,1.3746840888315301,-0.10505496044248475
2026-04-06,258.59,0.011500097789947095,1.390493090283377,-0.09476300497094525
2026-04-07,253.23,-0.02072779303143968,1.3616712372963362,-0.1135265700483099
2026-04-08,258.63,0.021324487619950316,1.3907081787385043,-0.09462297836589029
2026-04-09,260.22,0.006147778679967741,1.3992579448298097,-0.08905692081495531
2026-04-10,260.21,-3.842902159734152e-05,1.3992041727160276,-0.0890919274662193
2026-04-13,258.93,-0.004919103800776203,1.3923213421519582,-0.09357277882797788
2026-04-14,258.56,-0.001428957633337169,1.390331773942032,-0.09486802492473623
2026-04-15,266.16,0.02939356435643581,1.4311985804161946,-0.0682629699642936
2026-04-16,263.13,-0.01138412984670889,1.4149056299403113,-0.07886998529720701
2026-04-17,269.96,0.025956751415650015,1.4516319836532756,-0.054960442484072614
2026-04-20,272.78,0.010445991998814685,1.4667957197397412,-0.045088566827697796
2026-04-21,265.9,-0.02522179045384554,1.429800505457868,-0.06917314289715093
2026-04-22,272.9,0.026325686348251276,1.4674409851051229,-0.04466848701253279
2026-04-23,273.16,0.0009527299377063425,1.4688390600634498,-0.04375831407967545
2026-04-24,270.79,-0.008676233709181469,1.4560950690971648,-0.05205489042918188
2026-04-27,267.34,-0.012740500018464607,1.437543689842446,-0.06413218511517238
2026-04-28,270.44,0.011595720804967513,1.4542130451148019,-0.05328012322341291
2026-04-29,269.9,-0.001996746043484765,1.451309350970585,-0.055170482391654896
2026-04-30,271.08,0.0043719896257874424,1.4576544603968367,-0.05103969754253346
2026-05-01,279.87,0.032425852146967804,1.5049201484110326,-0.02026885108170584
2026-05-04,276.56,-0.011826919641262035,1.487121578749259,-0.03185605265000391
2026-05-05,283.91,0.026576511426092075,1.526644082378877,-0.006126163971154841
2026-05-06,287.24,0.011729069071184428,1.5445501962682138,0.0
2026-05-07,287.17,-0.0002436986492131421,1.5441737914717413,-0.0002436986492131421
2026-05-08,293.05,0.020475676428596268,1.5757917943754354,0.0
2026-05-11,292.68,-0.001262583176932286,1.573802226165509,-0.001262583176932397
2026-05-12,294.8,0.007243405767391131,1.585201914287249,0.0
2026-05-13,298.87,0.013805970149253666,1.6070871645964386,0.0
2026-05-14,298.21,-0.0022083179977917533,1.6035382050868403,-0.0022083179977916423
2026-05-15,300.23,0.006773750041916937,1.6144001720707628,0.0
2026-05-18,297.84,-0.0079605635679314,1.601548636876914,-0.0079605635679314
2026-05-19,298.97,0.0037939833467635076,1.6076248857342568,-0.004196782466775573
2026-05-20,302.25,0.010971000434826239,1.6252621390546849,0.0
2026-05-21,304.99,0.009065343258891634,1.639995698230896,0.0
2026-05-22,308.82,0.012557788779959944,1.6605904178093227,0.0
2026-05-26,308.33,-0.0015866848002072942,1.6579555842340148,-0.0015866848002072942
2026-05-27,310.85,0.008173061330392972,1.6715061569070269,0.0
2026-05-28,312.51,0.005340196236126582,1.6804323277948041,0.0
2026-05-29,312.06,-0.0014399539214744461,1.6780125826746235,-0.0014399539214744461
2026-06-01,306.31,-0.018425943728770156,1.6470936172500925,-0.01983936514031559
2026-06-02,315.2,0.02902288531226538,1.6948970264021064,0.0
2026-06-03,310.26,-0.015672588832487344,1.6683336021939008,-0.015672588832487344
2026-06-04,311.23,0.0031264101076518003,1.673549497230735,-0.012595177664974422
2026-06-05,307.34,-0.012498795103299987,1.6526321449696173,-0.02493654822335023
2026-06-08,301.54,-0.01887160799114973,1.6214443189761778,-0.04333756345177653
2026-06-09,290.55,-0.0364462426212111,1.5623487659299877,-0.07820431472081191
2026-06-10,291.58,0.0035450008604369643,1.567887293649512,-0.07493654822335016
2026-06-11,295.63,0.013889841552918725,1.5896649997311383,-0.06208756345177646
2026-06-12,291.13,-0.015221729865034006,1.5654675485293315,-0.07636421319796949
2026-06-15,296.42,0.018170576718304687,1.5939129967199,-0.05958121827411156
2026-06-16,299.24,0.009513528102017332,1.6090767328063653,-0.05063451776649741
2026-06-17,295.95,-0.010994519449271545,1.5913857073721553,-0.061072335025380786
2026-06-18,298.01,0.006960635242439617,1.6024627628112047,-0.054536802030456855
2026-06-22,297.01,-0.0033555920942249795,1.5970855514330256,-0.05770939086294413
2026-06-23,294.3,-0.009124271910036619,1.5825133085981598,-0.06630710659898464
2026-06-24,293.08,-0.0041454298335033,1.575953110716781,-0.07017766497461919
2026-06-25,275.15,-0.061177835403302905,1.4795397107060266,-0.1270621827411167
2026-06-26,283.78,0.03136471015809561,1.5259450448997138,-0.09968274111675113
2026-06-29,281.74,-0.0071886672774683635,1.5149755336882282,-0.10615482233502527
2026-06-30,289.36,0.027046212820330817,1.5559498843899544,-0.08197969543147188
2026-07-01,294.38,0.017348631462537956,1.5829434855084143,-0.06605329949238559
2026-07-02,308.63,0.048406821115564824,1.6595687476474688,-0.02084390862944152
2026-07-06,312.66,0.013057706639017619,1.6812389095015312,-0.008058375634517612
2026-07-07,310.66,-0.006396724876863047,1.6704844867451727,-0.014403553299492278
2026-07-08,313.39,0.008787742226227913,1.6851642738076018,-0.0057423857868020844
2026-07-09,316.22,0.009030281757554715,1.7003817820078495,0.0
2026-07-10,315.32,-0.0028461197900196966,1.695542291767488,-0.0028461197900196966
2026-07-13,317.31,0.006311049092984966,1.706242942410065,0.0
2026-07-14,314.86,-0.007721155967350457,1.6930687745335258,-0.007721155967350457
2026-07-15,327.5,0.040144826271993894,1.7610367263537117,0.0
2026-07-16,333.26,0.017587786259541938,1.792009463892024,0.0
2026-07-17,333.74,0.0014403168697114666,1.7945905253535503,0.0
2026-07-20,326.59,-0.0214238628872776,1.7561434639995683,-0.0214238628872776
2026-07-21,327.74,0.003521234575461607,1.7623272570844746,-0.017978066758554623
2026-07-22,325.89,-0.005644718374321123,1.752379416034843,-0.023521304009109012
2026-07-23,321.66,-0.012979839823253125,1.7296338119051449,-0.036195841073889734
2026-07-24,333.02,0.03531679413044819,1.7907189331612612,-0.002157368011026617
