date,AAPL,MSFT,JPM,XLE,SPY
2023-06-29,0.0018282518685810434,-0.0024530847540782386,0.03970793338255807,0.012974448797465898,0.004146035919615931
2023-06-30,0.023509205088293683,0.016875691626706102,0.015860490807227956,0.0072394561497788334,0.01241075717381368
2023-07-03,-0.007918611358749716,-0.007708352226353576,0.009088084511418293,0.002626173830592382,0.001209264101145635
2023-07-05,-0.005973147267152923,0.00048741850971789624,-0.0074667077207297705,-0.006203593672885921,-0.0015630398852254368
2023-07-06,0.002552512629619752,0.009500030448815533,-0.011090429657204859,-0.025246710298160835,-0.008230665467092724
2023-07-07,-0.005993741049169832,-0.012215720576702727,0.008862050035291169,0.02419288273852027,-0.0026547142343624763
2023-07-10,-0.011045891141942321,-0.01645851781733787,0.0062966417910448325,0.00875381763713623,0.0026617805009472306
2023-07-11,-0.002859763664814108,0.0019869605712510285,0.017535728080339874,0.02465612284534391,0.006696576447040581
2023-07-12,0.009145021645021734,0.014655760054533173,0.005542058912845427,0.010351048413332231,0.008457581782558954
2023-07-13,0.0041289077162314225,0.016673283048828758,0.005436013590033983,-0.004257663128371281,0.00833953497904849
2023-07-14,0.0008010253124000055,0.007749376745862513,0.0067582788916422665,-0.02953021569083325,-0.0006541687722723122
2023-07-17,0.017608452056987467,0.0014604631754642217,0.02692623256507809,-0.002202988905197323,0.003647040368294885
2023-07-18,-0.0013633265167009023,0.04095238095238085,0.0020337013364322143,0.011315245499430304,0.007803326360032559
2023-07-19,0.007193489104752038,-0.012608645928636641,0.004276601913598244,0.006549449709777555,0.0023344283574338043
2023-07-20,-0.0102700448336982,-0.023772983929347125,0.013713460844460235,0.013149226093486899,-0.0069639151592212345
2023-07-21,-0.006268106399789253,-0.009194993177908173,-0.008543965824136635,0.00990117556389869,0.0
2023-07-24,0.004293437930668942,0.004011495629265838,0.021903052064631945,0.018018352221689238,0.00469064826384491
2023-07-25,0.0045917559508101835,0.017502534438547324,-0.00829234012649338,0.005856431533109774,0.0028659646131954375
2023-07-26,0.004623305663549404,-0.038710622710622644,0.006660997732426344,0.0003881555623985733,0.00016132597041607077
2023-07-27,-0.00669386047484577,-0.021491281551030417,-0.012248345769393265,-0.007113424195471674,-0.006958940637240896
2023-07-28,0.013741181425713345,0.02383251814698273,0.006342645381984147,0.0033868013745201875,0.010279517006567485
2023-07-31,0.0032199428719812406,-0.0074549659201557095,0.007435734013171658,0.021160971379461824,0.0019982355809502472
2023-08-01,-0.004348501320080578,0.0012875931205740265,-0.005482918599746922,-0.005212398898531312,-0.0030028371080065286
2023-08-02,-0.015754172515988096,-0.02706591959829774,-0.01258128357364996,-0.014568950754390464,-0.014599577279011178
2023-08-03,-0.007448494453248911,-0.002643421342480301,0.006800286327845573,0.01128278817148809,-0.00300984077942279
2023-08-04,-0.04885837458087172,0.0035339033856056634,-0.002346249555634672,0.0015388837450276416,-0.004750715006010986
2023-08-07,-0.017570365396452403,0.007325892155321423,0.005273660205245223,0.0012804326838125046,0.009170556118983209
2023-08-08,0.005410947200546801,-0.012672451463886625,-0.006238480079398756,0.0054988196719634175,-0.004566911190586831
2023-08-09,-0.009120779515069177,-0.01207637835103692,-0.01490940219717507,0.013989820497884997,-0.0070222401367370235
2023-08-10,-0.0012577897204276711,0.0022400000000000198,-0.0016655804185675693,-0.00012542550602923086,0.0003771680384976328
2023-08-11,0.00034346556757691715,-0.00613026819923379,0.006455824749745931,0.017060008580180863,-0.0006126669841538535
2023-08-14,0.009556509298998428,0.009734001542020199,0.0023063063063062383,-0.0046868100830551596,0.005800325902864278
2023-08-15,-0.011393266069606556,-0.006935827686042506,-0.02833105630258137,-0.023048726991546364,-0.012237029861869142
2023-08-16,-0.005045582248724201,-0.002498958767180204,-0.004736179974838994,-0.009639947944281135,-0.007713227425578673
2023-08-17,-0.014810119287731238,-0.011305604625020171,-0.011599375418246738,0.0133199109615183,-0.008012358644653328
2023-08-18,0.0028661675245671425,-0.0012994185102166433,0.0025577371548934913,0.010996150083545597,0.000506324108670686
2023-08-21,0.007874015748031704,0.01756497414045466,0.0038268177384257474,-0.0070009976421639974,0.006843965538223751
2023-08-22,0.008043981481481444,0.0018540421315091926,-0.023172372551950926,-0.008561147999587182,-0.002848224802006527
2023-08-23,0.022331936391297047,0.014485817300022186,0.007575757575757347,-0.002793700459436721,0.011713477772355763
2023-08-24,-0.026617250673854453,-0.022110394716150283,-0.0010632642211588772,-0.007640528418945358,-0.014567226445162507
2023-08-25,0.012864889811930347,0.009680946867361317,-0.0013685090853797766,0.010779097789515024,0.007415359569100222
2023-08-28,0.008999259554593575,0.0022935049214791725,0.0038827559954321966,0.007490294355872562,0.006667716612962504
2023-08-29,0.022184589331075477,0.014969013189257918,0.009100561201274004,0.003024246899516969,0.015193812509777915
2023-08-30,0.01949414623370882,0.001189879759519119,-0.004509243950097663,0.0055277354124319,0.004326229508580193
2023-08-31,0.0011917014246247692,-0.003221367360980887,-0.013815491469122865,0.0007496382995204609,-0.0015367632180847135
2023-09-01,0.008602499594221547,0.0028238837814942297,0.003751052591288495,0.022721995140988716,0.0019588908107266434
2023-09-05,0.001287415513357093,0.0152998967491631,-0.012355094569859726,0.005859475137514503,-0.004538534602602562
2023-09-06,-0.036376299153541125,-0.002064714946070967,-0.0018532818532819295,0.0004854451410580829,-0.007060956394853268
2023-09-07,-0.02974370378606772,-0.009171478862365912,-0.009593068234565849,-0.0010917215964364457,-0.0032259272244946624
2023-09-08,0.0035526014210405243,0.01358848095742693,0.000859240743633638,0.010686277605205241,0.0015827490745052852
2023-09-11,0.006737467169121825,0.011284668839554701,0.004916881292437392,-0.014538271699872318,0.00691063650735968
2023-09-12,-0.017354809437386542,-0.018760071756514174,0.01460080770425587,0.026091642627404044,-0.005762283325849493
2023-09-13,-0.012062795798222337,0.013293257312840812,0.000535823637477284,-0.008317628857894555,0.0012251030205623348
2023-09-14,0.00893848221066773,0.008073147610164755,0.021727488332950795,0.012940547768594213,0.009059375618419852
2023-09-15,-0.004226983207874846,-0.025724252995601327,-0.003294646199925144,-0.015969036629421507,-0.012608666350608533
2023-09-18,0.017212304471710294,-0.003611794376809918,0.00232890090902238,0.009299351113013055,0.0006140515784434086
2023-09-19,0.006288229577545268,-0.001281209962188612,-0.001424074351671356,-0.010242704455100005,-0.0021714645017480994
2023-09-20,-0.02033744248139524,-0.024655819774718424,-0.004728664715154207,-0.010228369405382742,-0.009627275419555215
2023-09-21,-0.009046100318933048,-0.003977928910560813,-0.00874811463046754,-0.01507558460442393,-0.017316029723382975
2023-09-22,0.005032477032008931,-0.008116464828652581,-0.010727328058429686,0.0018515729729595698,-0.0023575894449991974
2023-09-25,0.00751091703056761,0.0017210027276270967,0.005537183726832318,0.013799527366187725,0.0044096093427197225
2023-09-26,-0.023809523809523836,-0.01750461927453084,-0.011625239005736199,-0.006319714348911432,-0.015402258480459174
2023-09-27,-0.009057542031731036,0.0021445775182289406,0.006577420103691223,0.02739652308768603,0.000418794305973913
2023-09-28,0.001553258856562545,0.002798446039375735,0.013914514145141332,0.001190445012154484,0.006082287688760291
2023-09-29,0.003101699970175842,0.006927344955514059,-0.019485935249071162,-0.02211594940441508,-0.002545480890291829
2023-10-02,0.015103764048284507,0.019726116726442866,-0.009665944942777616,-0.021886574045927754,-0.00041715006998310766
2023-10-03,-0.007908148321715158,-0.026890487609912195,-0.0082767236667447,-0.0007458771639761164,-0.014041730451800016
2023-10-04,0.0074397732640527625,0.01830189919169367,0.005038973309188233,-0.03458477125532766,0.0076437142774623545
2023-10-05,0.007326222013831929,0.0012906972992159371,0.004700352526439522,-0.006829703281608035,-0.00039534755003134414
2023-10-06,0.015011345784604613,0.02545841255518666,0.017153996101364477,0.006617171950456857,0.012458373213311225
2023-10-09,0.008598452278589797,0.008045001728418377,-0.00252970486776527,0.03686412604953193,0.006714077002406338
2023-10-10,-0.0034100596760443525,-0.004458022882439128,0.006762988011066673,0.0013674414672895097,0.005456699031763268
2023-10-11,0.008041060735671568,0.012619778292728867,0.003816793893129722,-0.014152313654996362,0.004293427293462049
2023-10-12,0.005148223579995559,-0.0038964653492902235,-0.002585551330798519,0.0012592523566909986,-0.006388591608560978
2023-10-13,-0.010468846738335036,-0.010648536214336701,0.01669716376944197,0.024273004645827934,-0.0052210838970170315
2023-10-16,-0.000739434616915946,0.015407305133676275,-0.0011248593925760053,0.0073671880180052884,0.01103154146110108
2023-10-17,-0.008936703096539156,-0.0017923916066626688,-0.002402402402402304,0.01145751820404639,-4.806684752611812e-05
2023-10-18,-0.007523979093676414,-0.006036964799851385,-0.012191450933172865,0.01000214503833341,-0.013964090416163533
2023-10-19,-0.0021990740740741588,0.0037687659627483328,-0.004723449641932054,-0.0019090299502937391,-0.009213732263565477
2023-10-20,-0.014963461315392501,-0.014428895025909827,-0.017911818738517882,-0.018409557668537024,-0.012891251957059313
2023-10-23,0.0007065473386718146,0.008343303318430806,-0.015198752922837233,-0.01778054905361215,-0.0018193726802997467
2023-10-24,0.0025888444339845496,0.003778062259968351,0.0013454689354965854,-0.015498647278065603,0.00791496382586887
2023-10-25,-0.01373239436619722,0.03154162000746541,-0.006085994309200093,-0.0020150575172979135,-0.015061539269495605
2023-10-26,-0.02505057717481851,-0.038538085760810636,0.0028628230616301042,-0.008581286233850016,-0.012575541276447666
2023-10-27,0.008117180347879227,0.006021829130598455,-0.04020299738323685,-0.026475836980125234,-0.004763151647541042
2023-10-30,0.012531783508899386,0.02338196782641222,0.014292795769993205,0.0036609825554181352,0.012566312250593237
2023-10-31,0.0028699551569506543,0.002437092548589481,0.013358312291276375,0.0036476286505595645,0.006596952966000158
2023-11-01,0.019078280569963635,0.024190117303835024,-0.0009645526886905564,-0.0025959798655800226,0.011199074343774429
2023-11-02,0.021061253144561976,0.006676161652127366,0.0199533349424732,0.033445164245687886,0.02011386933235859
2023-11-03,-0.005271300063026341,0.013204822118077164,0.012463516604874991,-0.011081420738878855,0.009566531453197413
2023-11-06,0.014860895109728656,0.010850909090909244,0.008414491624464393,-0.012478957675959745,0.0024111654319891596
2023-11-07,0.014700039729837133,0.011511453896627222,-0.0005408328826391751,-0.024499627347773556,0.0029826534647368064
2023-11-08,0.0059850095088935795,0.0075964493001023925,0.005488559059987574,-0.013879305558860078,0.0007674280512219855
2023-11-09,-0.002668890742285157,-0.007087392347875143,-0.0033059122011225295,-0.0033511076080866564,-0.008171634029655483
2023-11-10,0.02358253888610129,0.02553748151518609,0.016507250848503574,0.01223904605378201,0.016357113725672168
2023-11-13,-0.008714596949891074,-0.008291276135544368,-0.004932463196236192,0.007972129435493525,-0.0009984376827497643
2023-11-14,0.01450549450549432,0.010038307748231556,0.020285213147258396,0.009886346559946801,0.02032185632304806
2023-11-15,0.0030870883882150313,0.00041525939870434847,0.00971672023320136,-0.0020884402223144694,0.002215602881869616
2023-11-16,0.009178770044814044,0.017987104629604067,0.012658227848101333,-0.021582112744957027,0.0012798817482346792
2023-11-17,-0.0001070033706062068,-0.017179982058879495,0.010014619883040865,0.023261347928269505,0.0013014865765603734
2023-11-20,0.009417304296645224,0.020992947033605214,0.003401606716363803,0.0015677626198358219,0.00805408632309379
2023-11-21,-0.004293665518155354,-0.011838326922035014,-0.002308136180034559,-0.0024784052636109832,-0.0022794924882664214
2023-11-22,0.003566865417376386,0.013104147819173795,0.0026026604973974354,-0.0005230658984572978,0.004038611899089162
2023-11-24,-0.0071083762134634965,-0.0011365173860100608,0.0015142774733196696,0.004710056756183967,0.0005516389192290472
2023-11-27,-0.0009616925789388553,0.0031967057676156596,-0.0025199798401612794,-0.004036868327772725,-0.0017918380398946887
2023-11-28,0.0032622065351086693,0.011044800302449254,0.0025263461816080746,0.00026149875395842237,0.0010356083577736097
2023-11-29,-0.005490405117270836,-0.010283119658119566,0.0056159550723593465,-0.008235057292469983,-0.0007356707432021325
2023-11-30,0.00310875274695821,0.00016192146808791108,0.012601131237918173,0.0073808325051862855,0.0041181878501035385
2023-12-01,0.006892866684477639,-0.011872318609859489,0.0053736830941100155,0.0057567360353361074,0.006186315320616087
2023-12-04,-0.009605179367437877,-0.014663717539116883,0.008087769885364748,-0.005073355517339229,-0.005487909293284909
2023-12-05,0.021379199485613398,0.009367032479769666,-0.00013952839402830985,-0.019350907792924366,-0.00020607358383939456
2023-12-06,-0.0057706431644108935,-0.010213607160507454,-0.011582472788166265,-0.016532848369781084,-0.004213928315582871
2023-12-07,0.010289151540734398,0.0059639389736476645,0.0033883947479880216,-0.0075919644479151005,0.007980548620170058
2023-12-08,0.007520760432443652,0.009044533296566959,0.012171098916561318,0.012021496621686278,0.004494872195040189
2023-12-11,-0.013114924057850863,-0.008006995873527711,0.004031417251685543,0.0013498519212442606,0.004065897523027884
2023-12-12,0.008036558462023224,0.00848484848484854,0.009830391138802463,-0.015232764733318693,0.004773353916819767
2023-12-13,0.016935021624719937,-2.7316433566459963e-05,0.003701926372797537,0.0154683910956821,0.014409637165336164
2023-12-14,0.0007686001229760819,-0.023055699729559898,0.020012294242196527,0.03262238111029325,0.003351480155686426
2023-12-15,-0.0027648353898929168,0.013421692811005803,0.0083032007499666,-0.005874504909780698,-0.0017119514964035742
2023-12-18,-0.008625558350875417,0.005297574704080876,0.006640988179041019,0.0089557491444765,0.005849983812828752
2023-12-19,0.005437878709410038,0.0016742143543295729,0.014645731626863778,0.013145187950157622,0.006322654069531142
2023-12-20,-0.01086844545173582,-0.007233669443226565,-0.012353706111833618,-0.010148476058588929,-0.014404764693352501
2023-12-21,-0.0007811279487580647,0.008059174210642617,0.006254114549045342,0.004282699710074445,0.009861992082419668
2023-12-22,-0.0056285178236397115,0.0028474427773517164,-0.0006542361792606366,0.0032306336435603544,0.0020895042442230505
2023-12-26,-0.002882599580712797,0.00021841214371520756,0.006481178396072096,0.009403072357285769,0.004389783831679983
2023-12-27,0.0005256241787121585,-0.0016104378207228986,0.006569532977754644,-0.0048491530571357355,0.0018793570763149248
2023-12-28,0.0022589965852377603,0.003308089783197188,0.0058158319870760256,-0.01667004341905154,0.0003926159411233865
2023-12-29,-0.0055037215641052795,0.0020709575453703444,-0.0012849341471250497,-0.0024776942316669937,-0.0030088742166297644
2024-01-02,-0.03631476308438297,-0.014058845923750507,0.012737214538437014,0.011765597914612957,-0.005817217345017722
2024-01-03,-0.007602275213301368,-0.0007446837852000954,-0.004764022105062549,0.017830793521995236,-0.008490919445591438
2024-01-04,-0.012896114632129918,-0.007341981783052787,0.00721215215726323,-0.019168712598794935,-0.0033500220635558353
2024-01-05,-0.004075707665680439,-0.0005283060838616738,0.005449591280653809,0.0009059823307560055,0.0014246495083958255
2024-01-08,0.024554322233434123,0.01930727500347751,-0.0015755971513203848,-0.012672271776264399,0.01484862515734986
2024-01-09,-0.0022980958634273296,0.003002265345670052,-0.008584774649665339,-0.0175497876999563,-0.001577033831537289
2024-01-10,0.00575847318196776,0.01899371411466988,0.00229211766203985,-0.010797955587075525,0.005879342294650369
2024-01-11,-0.0032717160150498303,0.004967020055010929,-0.004573751746919097,0.0028300284889533067,-0.00045800198162193606
2024-01-12,0.001805350402100947,0.010203810485478249,-0.007977026164645795,0.01236323174877918,0.0007200471827282229
2024-01-16,-0.0125054608999563,0.0047347239392903084,-0.0068189128337086125,-0.026150141635538637,-0.003815684556703558
2024-01-17,-0.00525355306088604,-0.0020944053197895496,-0.005829393095407642,-0.009132519675809192,-0.005778280799495272
2024-01-18,0.03307760729375153,0.011543405829419928,0.00214997719721155,-0.001788313235443706,0.009246146283280465
2024-01-19,0.01576709896141626,0.012449101330497703,0.01878819399297882,0.003583034058116885,0.012956891288410155
2024-01-22,0.012343716889171574,-0.00553321208084645,-0.0012762427413695043,0.004119509723416126,0.0021964614145253414
2024-01-23,0.006750745721911144,0.0061564617088689655,-0.0071560922624752665,0.0023248117586243122,0.003029630430209762
2024-01-24,-0.0035346709637176232,0.00937019969278019,0.009717485037647355,0.015690191038308487,0.0011353575401558125
2024-01-25,-0.0017214397496086997,0.005859077765941301,0.015551306564690837,0.02471649906910156,0.005648952279833752
2024-01-26,-0.009144589016042204,-0.002370325541518503,-0.004142086105183851,0.008127502156410005,-0.0013191958097235057
2024-01-29,-0.0036388566606897488,0.014634886130981073,0.002835896143181138,-0.0015603829179681172,0.008223906726410046
2024-01-30,-0.01953104324352939,-0.0028150067261222267,0.022245962420662346,0.01133045600527205,-0.0008030035714640116
2024-01-31,-0.019650183545670608,-0.027505058832346663,-0.011741562672896055,-0.02047538961189488,-0.016940072958631314
2024-02-01,0.01354625550660793,0.01592683929305405,-0.003918885294849406,-0.00013146789159690364,0.013596272039890334
2024-02-02,-0.005487341084428943,0.018812582178618475,0.006244925997626938,0.0015778221321112174,0.010930624915499898
2024-02-05,0.00999726850587268,-0.013824084185446228,-0.001427418854341167,-0.002756838929716232,-0.003779104616743023
2024-02-06,0.0087624405019473,-0.00040266767333596576,0.003729024238657619,0.0035543058440685726,0.0030136776709455138
2024-02-07,0.0005898123324397098,0.021551398574989333,0.002043343653250762,0.0022299702758079576,0.008656675210581
2024-02-08,-0.005841058892878226,0.0001478743068392685,-0.003892974108632652,0.011255925721360915,0.00045828244488688163
2024-02-09,0.004150495903406437,0.015869495576747772,0.0013027295285359397,-0.016825386142611976,0.0059965856940205065
2024-02-12,-0.00912555692737127,-0.012832019405700446,0.0048324143485534155,0.012110968061270988,-0.00045534202084518416
2024-02-13,-0.01143073839319575,-0.02196776095930808,-0.009433380602996477,-0.01105558749391955,-0.014287687347300349
2024-02-14,-0.004877246821569425,0.009848751319029292,0.011017054649570479,-0.0010521581077987952,0.009432113257622943
2024-02-15,-0.001597004240321609,-0.0072896452206797635,0.023640953025918954,0.03054472300412603,0.007158862015639977
2024-02-16,-0.008549365692222866,-0.006265507130147063,-0.005052023816683682,-0.0006387800833479451,-0.005165680951427554
2024-02-20,-0.004172461752433909,-0.0032029457012433538,0.004231396965483913,-0.00997133879285439,-0.005711754146162318
2024-02-21,0.004245810055865773,-0.001543366056067197,0.007042677421296606,0.0205309112883858,0.0009400198406854798
2024-02-22,0.011404094348019589,0.02399716189848733,0.012970711297070947,0.0018979125492508686,0.02147493349344587
2024-02-23,-0.010175457895605255,-0.0032417718386538175,0.0054286894435593425,-0.00719840574255981,0.0007150835432103708
2024-02-26,-0.007557234941098057,-0.006951513195461723,-0.0036974000821644593,0.0038161044696758406,-0.003797442769372883
2024-02-27,0.008230683090705515,-0.00015000375009377453,0.0005301602262017813,-0.004688636519156075,0.0019264533399678818
2024-02-28,-0.006719609040928387,0.0006001050183781498,0.005475419487783295,-0.002164386421912745,-0.0013704702124208712
2024-02-29,-0.0037459465503746348,0.014793712672114268,0.009837217472772108,0.005358906374801853,0.0037278787775751887
2024-03-01,-0.006117066053089371,0.00458026545839596,-0.004464803432680076,0.012691289460391664,0.00973403236065784
2024-03-04,-0.025804630152456154,-0.0017894349797767939,0.008095986953229772,-0.011654982442332984,-0.0011115528130065666
2024-03-05,-0.028806584362139898,-0.02976278178871372,0.010804252368846745,0.0081152157759794,-0.010359060829740585
2024-03-06,-0.0059680114585819455,-0.0014173626929890881,0.005601600457273648,0.00339604700129037,0.005254191444336254
2024-03-07,-0.0007204610951009327,0.017868910630100654,-0.009435570965725004,0.009276182023762125,0.010290758674997624
2024-03-08,0.01039413602499395,-0.007271097387883008,0.002008377804556094,0.0038502525020431833,-0.00622026627168315
2024-03-11,0.012011654873045119,-0.004264178393157181,0.0004008704615736658,0.011259004110155013,-0.000891277693162662
2024-03-12,0.0028203772254538073,0.027105322820364153,0.008872860495735324,-0.0017128692762637954,0.01115090972162669
2024-03-13,-0.012304447178765998,-0.00044146861893901157,0.008738084430322202,0.017403197776312496,-0.0016241145317547057
2024-03-14,0.01109331435012173,0.02483130904183528,-0.019181010237372065,0.011202902635934375,-0.002048508274266281
2024-03-15,-0.002229523586012694,-0.021069265209375798,0.013362390319435535,0.0032164223376958123,-0.007093935580624988
2024-03-18,0.006468305304010213,0.0022011886418664695,0.013355970571590436,0.0037285873403771763,0.00614133211776835
2024-03-19,0.013788268286982985,0.009981208970886168,0.006310733832235016,0.012303586258787025,0.005741241635162098
2024-03-20,0.014926233287229085,0.009230174455129747,0.014096231755369226,-0.0015192559852843512,0.00955417265972347
2024-03-21,-0.04145136562375795,0.009911894273127775,0.014940075521260976,0.00643740153701744,0.0034125067977333057
2024-03-22,0.005390675907825271,-0.001493528045137693,-0.013156475789927735,-0.0023259005305379388,-0.001957495457720726
2024-03-25,-0.008425642234268227,-0.013960445404686661,-0.009834990711397706,0.010024688710102314,-0.002852850562338416
2024-03-26,-0.0067740210351178165,-0.002913486311429958,0.005021520803443202,-0.008309462862471473,-0.0019073417358360656
2024-03-27,0.021537541130720816,-0.0005312726394591794,0.020809312029868687,0.010008355813341918,0.008679064325203711
2024-03-28,-0.01071742313323576,-0.0017154730839856747,0.004195352839931221,0.011637526760550188,-0.00019734830970186135
2024-04-01,-0.008583945062751508,0.009318198320303894,-0.007284413497589681,0.007972828600130821,-0.0017962241000768486
2024-04-02,-0.007105750283632917,-0.007505635221332296,-0.000431639149670926,0.015028554253080806,-0.006565049456376371
2024-04-03,0.004871301419292706,-0.002391939887409711,-0.0030227787973658993,0.007347358624574696,0.0011345805624851657
2024-04-04,-0.004967382847567259,-0.006224267377088921,-0.008121277747698996,-0.0006630698809347857,-0.012605418779250699
2024-04-05,0.0045711536148203,0.01861916018814136,0.009825327510917026,0.011500837128240793,0.01079299735833339
2024-04-08,-0.006765656807568132,-0.0022250400746465226,0.0055675675675674885,-0.006778312025381372,0.0005777142159333337
2024-04-09,0.00735427090240548,0.004052369077306661,-0.007149384507875167,0.00033022118214787177,0.0011945806653534952
2024-04-10,-0.01130991562443906,-0.007212284765839683,-0.009095831077422734,0.0033011217211609267,-0.010340679657079188
2024-04-11,0.04394141145139807,0.01123379278824177,-0.0002185553491422798,-0.0007677273734292278,0.007796357533722764
2024-04-12,0.008754638218924082,-0.014344164803273163,-0.06907858782380583,-0.017451777117756695,-0.014255855318420885
2024-04-15,-0.022185183056497526,-0.01993483769759874,0.0005870611717739838,-0.010053821457535861,-0.01294502833039679
2024-04-16,-0.019455710339152388,0.0023147578123077217,-0.01226237972306976,-0.009366021878124298,-0.0018852524691170824
2024-04-17,-0.008272389401750346,-0.006731690538780755,-0.004276804276804325,-0.0030755841901304315,-0.006118112837299461
2024-04-18,-0.005802707930367523,-0.018724183135867767,0.006979657579192278,-0.0033135964862165412,-0.0021276670461349845
2024-04-19,-0.012402723735408516,-0.012981447872555063,0.026954976303317446,0.012954526173874825,-0.00902563881753371
2024-04-22,0.0051711401132725765,0.0046990321015401015,0.02082492068070385,0.007016892603063596,0.00952563387766614
2024-04-23,0.006491915727584452,0.01680180981673063,0.015427215189873333,0.005956515191361422,0.012270616549854507
2024-04-24,0.012900085189241794,0.0037248137593119957,0.005231231565473893,0.000782051253404692,-0.0004905985977465832
2024-04-25,0.005226480836237002,-0.024955791885631684,0.0016054918894978787,0.004911909370806766,-0.003926715222954624
2024-04-26,-0.003525966652722201,0.018595621854964328,0.0006632765863365808,-0.009886889540115074,0.00979389095272376
2024-04-29,0.025188916876574208,-0.010206384632745702,-0.0011599646486962767,0.00729286578209809,0.003659962631781477
2024-04-30,-0.01854451854451844,-0.032733721814036,-0.008516286014488839,-0.03196767143916901,-0.01636925473092732
2024-05-01,-0.006139357453656791,0.014694326575514838,0.0006693067097998107,-0.017144527213772687,-0.003357167852007792
2024-05-02,0.022370157130862323,0.007485996024678032,-0.0011147650632628014,0.006204766665652173,0.00967145369181921
2024-05-03,0.060714495219100106,0.022598580542673385,-0.006417052619831498,0.0001163491498368252,0.012812685295274129
2024-05-06,-0.009235704015042479,0.017238355340633005,0.008367965854206405,0.008492499842946755,0.010670152249734777
2024-05-07,0.0038515210717275927,-0.010345082391191918,-0.0013923698134223894,-0.0010382035848014448,0.0011397303398017478
2024-05-08,0.0018905693950177493,0.002986634809228672,0.02175125488008911,-0.0012702342542916245,9.98625292421007e-05
2024-05-09,0.010156510156509979,0.004416983051688472,0.01009825327510927,0.014452838653134181,0.0059512124397116395
2024-05-10,-0.006977638591286084,0.0059787039553327315,0.006863009997297942,-0.005926722909747495,0.0013301085150172476
2024-05-13,0.01787097488104461,-0.002504973108376829,-0.0002146844139114812,-0.002866374220059531,0.00013878196619554473
2024-05-14,0.006251019187911044,0.006992146145702538,0.014923770667811809,0.0013798146908869935,0.004737755330817217
2024-05-15,0.012370354364736436,0.017774626537248484,0.0031735956839098467,0.0024113484949739306,0.012784890469199617
2024-05-16,0.0006403073475267362,-0.005020659171711239,0.001898133502056476,-0.002978297376119876,-0.0021233974437022685
2024-05-17,0.00015997440409543096,-0.0018831937033727542,0.012209241132512316,0.015050862724642844,0.0014836844492105428
2024-05-20,0.006238003838771489,0.012408988655330022,-0.04788395549547675,-0.00701768683459314,0.0011890877611095974
2024-05-21,0.006941132835267316,0.008840254217040266,0.021514770927756333,-0.0052434678928783285,0.0025311117441055853
2024-05-22,-0.007629972637339444,0.0035051155740810636,-0.006468166996311475,-0.020626069977380035,-0.002971402869210049
2024-05-23,-0.02131608250702588,-0.00830737279335414,-0.007478747444312983,-0.009828216810462753,-0.0075383007033993366
2024-05-24,0.01679579563309308,0.007520228462637002,0.020545346126741526,0.0015361309823438418,0.006830114445633084
2024-05-28,5.328502158064019e-05,0.00037792894935750887,-0.006427281419313591,0.011090372376949986,0.0007212640132339132
2024-05-29,0.0015984654731457937,-0.0027153381186247882,-0.007431168136861843,-0.019020236130980472,-0.007226921236103467
2024-05-30,0.005319714863283309,-0.03433008973175178,0.006571151567381195,0.0030927270953819974,-0.006847859592585714
2024-05-31,0.005079902635199529,0.0011278103317233779,0.01765839041095907,0.026800050279740306,0.009404172568147073
2024-06-03,0.009371380435927223,-0.003942889329708654,-0.004259122936165705,-0.028179359312238805,0.0008416218405173925
2024-06-04,0.0016691007719591422,0.006269669551534074,-0.01404657548714161,-0.010338902079901957,0.001153812381893271
2024-06-05,0.007915017704644978,0.019400395826715933,-0.010176209094317379,-0.00012007944456060571,0.012267103281782044
2024-06-06,-0.0071812357925191694,0.0012224059825987066,-0.0018938369135869104,0.00564441167216323,-1.9296887045494593e-05
2024-06-07,0.012540979341208347,-0.0016039452264675624,0.016480537785969807,-0.004299113188485082,-0.0012543218624633257
2024-06-10,-0.019375064240929274,0.009639131998561368,-0.0018133333333333335,0.008155609020103594,0.003188046641315445
2024-06-11,0.07352864105654833,0.011423278789749913,-0.028050865569566152,-0.002141373476947983,0.002484551961130066
2024-06-12,0.028900605350517417,0.019676904292288855,-0.015557143642460525,-0.01156438740936283,0.008472650150826766
2024-06-13,0.005551338014803564,0.0011974393220650636,0.011894125530489186,-0.00989045715622816,0.002076553180812679
2024-06-14,-0.008257443495493844,0.0022770136620819947,0.000662215109541453,-0.00804013244290891,0.00062737845350469
2024-06-17,0.019887715291654784,0.01330977350437168,0.006617768708983451,0.0028245742875316893,0.008207804900477456
2024-06-18,-0.01110281768986765,-0.004597232601852408,0.011066673971402041,0.004531081997888764,0.002619437393844626
2024-06-20,-0.021747334654212636,-0.0014560677071484562,0.009049038201029536,0.019871215021175503,-0.0028005502611372357
2024-06-21,-0.010560833293147498,0.009295967190704024,-0.012726882182364951,-0.0062157684482812,-0.001377819889348375
2024-06-24,0.0031679500926016235,-0.004763194726624231,0.01403317922219216,0.027000825132129425,-0.0033407742631282877
2024-06-25,0.0045182917941990475,0.007439834871957762,-0.00434479429276402,0.0024595059906540317,0.003957978764402403
2024-06-26,0.020216676339717576,0.0027243048519645097,-0.0034479043206552262,-0.010514878553152807,0.0012826865794957065
2024-06-27,0.004029581871622279,0.0015493084246451794,0.009406422315926033,0.002479543763947545,0.0016201431264577515
2024-06-28,-0.01643137069738887,-0.013227216679744469,0.01654884318766059,0.004122351389232337,-0.0040438062712099265
2024-07-01,0.029427295857135993,0.0222196978302851,0.01680627996417461,0.0005864896249985208,0.0021150939715477435
2024-07-02,0.016414847976123914,0.005667548285288815,0.017512953367875728,-0.0008206041991488666,0.006916081547951203
2024-07-03,0.005872637181134177,0.003292963224893919,-0.0007129035543333995,0.004693017962526191,0.00458529042574507
2024-07-05,0.02184820288268563,0.014956935480318068,-0.014013452914798163,-0.016699169712610762,0.005924354929967013
2024-07-08,0.006606258090434247,-0.002864832016668095,0.0019639257842782865,-0.006531833782644325,0.0011853008617692673
2024-07-09,0.0038135781118353584,-0.014582970572871279,0.01268891525248872,-0.009443773684147727,0.000998913588979855
2024-07-10,0.01899544992711033,0.014820868489640704,0.000865889064330494,0.007240867455921229,0.010163966963041782
2024-07-11,-0.023453418303203688,-0.02513875285667644,-0.0017811704834604924,0.011142662017900262,-0.008854296153887775
2024-07-12,0.013184764272396343,-0.002567537396740316,-0.012796329339791024,0.0027253445190953407,0.006478557175481958
2024-07-15,0.016912763440389167,0.0009177392277561758,0.026389175790126007,0.01618945204022526,0.002824147487985096
2024-07-16,0.0018096428109783957,-0.009929331782807083,0.017962264150943374,0.004767829939646306,0.006089562654193248
2024-07-17,-0.025547288288675696,-0.013552584026020997,0.016063661526295014,0.01064777843361897,-0.014395621113795665
2024-07-18,-0.020744140883612094,-0.007212859498076596,-0.033516563700929036,0.0019467952314968784,-0.007893077568113194
2024-07-19,0.0005859286969847055,-0.007518970408469161,-0.0010066438494061858,-0.011658075503183096,-0.006821975982555184
2024-07-22,-0.001576576576576505,0.013548372103832085,0.0025191455058444223,-0.006707295918957357,0.01059335317621879
2024-07-23,0.004737198285585276,0.0043793277387995655,0.00025128153583287016,-0.016997892726997477,-0.0016112385183050248
2024-07-24,-0.02905253704535249,-0.036411368565232305,-0.008742400643119153,0.0001184371039757437,-0.023280088401266497
2024-07-25,-0.004855940433797223,-0.02487562189054726,0.00040549444979487426,0.01847400021316159,-0.005355745927211442
2024-07-26,0.0021842178641138243,0.01669096209912535,0.018087855297157507,0.0033719753962071497,0.01151384535129929
2024-07-29,0.0012984001854856597,0.0034889000406241877,-0.006917487807305611,-0.009154856129697686,0.0006040615969162832
2024-07-30,0.002593433057009209,-0.009072940728216627,0.021748935103983902,0.016607604411541077,-0.00520688599353325
2024-07-31,0.015150815280151608,-0.010982408920503728,-0.011722006964539622,0.0044867296342741,0.016707525194511685
2024-08-01,-0.016926787095599916,-0.0030129996355242605,-0.0240198511166253,-0.028289029125101672,-0.014549054843035147
2024-08-02,0.006942837306179062,-0.02100850576393465,-0.04484897793145526,-0.02758035430147454,-0.01913622741485088
2024-08-05,-0.04867846472075388,-0.033209689063705805,-0.022572402044293116,-0.023635504163485033,-0.02994940441788463
2024-08-06,-0.009856977193660743,0.011484485644392972,0.029629629629629672,0.0065795190743982435,0.009489000418351434
2024-08-07,0.012639078664844927,-0.0030039968432575836,0.00031739314430812016,0.004316564507973464,-0.00687742594302998
2024-08-08,0.016818466579923808,0.010877614074509045,0.019354838709677358,0.02308646371863987,0.023791226137092725
2024-08-09,0.013886255924170587,0.008411427416706863,0.00902676903921984,0.002400585742921235,0.004535259022403482
2024-08-12,0.007198616369840538,0.001978858774610348,0.002005141388174758,0.0052686408104127835,0.000540230481617554
2024-08-13,0.017357404743119753,0.017999550011249754,0.00897942429062537,-0.010362941169463902,0.01691165425096708
2024-08-14,0.00205282605720547,0.0069988458043761526,0.011696501220504585,0.006258801439524175,0.003242644837662123
2024-08-15,0.013657470636438074,0.011998244159391325,0.00658489996984013,0.012798583782878792,0.017616239299599323
2024-08-16,0.0059732327315189515,-0.006168971998650519,0.012084893882646552,-0.0011810140186364615,0.002303217464777907
2024-08-19,-0.0007143176034644094,0.007419620774938185,0.007302511471850792,0.007212703818003652,0.009821775543519262
2024-08-20,0.0027699593441450343,0.007870414941754111,-0.0045554739162381175,-0.02817463578413537,-0.0016699781783400258
2024-08-21,-0.0004900868790376212,-0.0015761194029851877,0.0003936620411377767,0.0018119662249496127,0.003529364403749735
2024-08-22,-0.00833556209325137,-0.02054581549427148,0.009985243482538042,0.0027733230439028755,-0.008059681206636804
2024-08-23,0.010383422483930538,0.003028083028083106,0.008181951005697963,0.015992689056431253,0.010913577210234893
2024-08-26,0.0015125900880861298,-0.008034279592929905,0.0041543886768755645,0.009586592972198993,-0.0024477689043110873
2024-08-27,0.003775764036958007,0.0008590221873159276,0.0048588059845096065,-0.00996447956109392,0.0014100051401095826
2024-08-28,-0.006815063946541522,-0.007945265945707325,0.005314055917273075,-0.006867725243626666,-0.005961226791216023
2024-08-29,0.014703916588691301,0.0062291434927697065,0.004381161007666945,0.013949661988959416,9.197816144101978e-05
2024-08-30,-0.003469020331093753,0.00987545139656576,0.012280119482243723,0.003997977493738425,0.009803970258469796
2024-09-03,-0.02745219000616894,-0.018730691576053893,-0.021077283372365363,-0.026586088565639487,-0.02112981484271137
2024-09-04,-0.00869919804268049,-0.0013386548997247338,-0.00464114832535889,-0.014799128896803238,-0.002102766477733997
2024-09-05,0.006993006993007089,-0.0012659798932606048,-0.008171898283901302,-0.008304532076255033,-0.002498800482529595
2024-09-06,-0.007080610021786504,-0.016627727792414393,-0.02505694760820054,-0.013423149391032396,-0.0172923926745312
2024-09-09,0.00041140976412501473,0.01016049538733732,0.021624577450785498,0.007739068565651097,0.01150918080694785
2024-09-10,-0.0036554717843271245,0.02121750444116377,-0.05474186170989248,-0.01845589783607704,0.0044760627498861005
2024-09-11,0.011694565466636053,0.021658703907877053,0.008596726037269686,-0.009969334830836729,0.010541150460786852
2024-09-12,0.0004986400725295326,0.009496630614642898,-0.003215434083601254,0.009687328719105492,0.008652517669571314
2024-09-13,-0.0012233247247519508,0.008528328780140315,-0.011674347158218135,0.0060596114274171775,0.005363729761334257
2024-09-16,-0.028034839412084955,0.001766617986526553,0.018340068386695663,0.012297190468422592,0.0015164877850561975
2024-09-17,0.0021935965649211298,0.008958592960097711,0.0070716320716319725,0.01450299356662077,0.00041959524383328173
2024-09-18,0.018162343408000714,-0.010114192495921825,-0.008689062894670418,0.002077147709639293,-0.0030453485219026355
2024-09-19,0.03741481041028227,0.01855165269799408,0.015033379197880059,0.012802848328923533,0.017523087765610512
2024-09-20,-0.0029540143732640356,-0.007904955621301668,0.0030625564815742745,-0.00240781093868514,-0.0017697689665032712
2024-09-23,-0.007650128239143794,-0.004100461301896563,0.0017518394314028907,0.01312527907509975,0.0025571634070635785
2024-09-24,0.004010516465398073,-0.010152996771627731,0.0007494753672430132,-0.0026205887748270706,0.002927848473243788
2024-09-25,-0.004438329412808972,0.006948383437322736,-0.006989864696190562,-0.020780933135556068,-0.00225663773871998
2024-09-26,0.005126833400205033,-0.001877669811763627,-0.002061440997536357,-0.020856049351998807,0.004056774742017932
2024-09-27,0.0011975516721369761,-0.007736443587452291,0.0036275695284160303,0.02167397852033992,-0.0014838577727689373
2024-09-30,0.023080671598812774,0.005403227717610148,0.001807228915662762,0.007437156031533609,0.004100101195510852
2024-10-01,-0.0294015761669697,-0.022651738361815,-0.01914211264782517,0.024204108405360802,-0.009165268695721651
2024-10-02,0.0025429399955385623,-0.00858576114219567,0.0012772044548892136,0.010870772510179538,0.00043190884995603085
2024-10-03,-0.00493948024207902,-0.0014352437481754965,-0.010510740343895097,0.018702381982125038,-0.0018707970026953236
2024-10-04,0.005053441259335489,-0.0011693342103340498,0.037333058320012213,0.009867975665112994,0.009299428625803907
2024-10-07,-0.02273738542315573,-0.015902051169483622,-0.0014415668340209686,0.0037495483498577453,-0.009249458246016973
2024-10-08,0.01857669717251742,0.012813204788222787,-0.0008960573476702871,-0.027620369343201223,0.009678242589746366
2024-10-09,0.016852174690447308,0.006729310429207658,0.013303437967115084,0.006402749224103221,0.007086466313045436
2024-10-10,-0.0021979954281695635,-0.00393767774239806,-0.0028519447312780333,0.007171725817981756,-0.0017901681836421934
2024-10-11,-0.006564455018063131,0.0011713316576782429,0.04659993096306536,0.006546411762408999,0.0061258973107842785
2024-10-14,0.016630449243868917,0.006873522314573277,-0.0038164342254052297,-0.00045640947232228335,0.008365205826418753
2024-10-15,0.011123713139068236,-0.0009683119901231496,0.004304024972804132,-0.0341321863092261,-0.00794577550768949
2024-10-16,-0.008930497433021212,-0.006348590952046318,0.005886785344259238,0.005082105551786675,0.004445755432642473
2024-10-17,0.001610656451332071,0.001463164825517671,0.0036518563603165077,0.005056408350834873,8.78190113404731e-05
2024-10-18,0.012386457473162693,0.0035064650449265766,0.00443159024117179,-0.0035099788699273216,0.0039339462327898644
2024-10-21,0.006353567442259678,0.001504452694668812,-0.011006873490618685,-0.0031701079950122724,-0.0016793704040354296
2024-10-22,-0.0026448255268320953,0.021151842608969407,0.005259450575252345,0.0024734807527861946,-0.0005432089419903363
2024-10-23,-0.021813515825491958,-0.006904569828690699,-0.0033166721165972524,-0.005522226373683159,-0.009344765388531684
2024-10-24,-0.0008307826847397948,0.0003105961056026896,0.007358455193100744,-0.00011814661049192043,0.002212221799835268
2024-10-25,0.0036759879217540536,0.008168529664660307,-0.012422649234634653,-0.00035448171228846803,-0.0003531741883351369
2024-10-28,0.008676695007630242,-0.0036958066808813195,0.01502873833977203,-0.006737540868504421,0.003162025731470175
2024-10-29,0.0011671133396733424,0.012745517667760442,-0.012067765142724451,-0.01618458037905257,0.0016552711228443595
2024-10-30,-0.015413842234791364,0.0013618220239492995,0.00709419779187237,0.0024192397297224666,-0.003094109448496085
2024-10-31,-0.0183739694790388,-0.06138623147627087,-0.011615973129315171,0.0066368531179936685,-0.020050689271100097
2024-11-01,-0.013401831583649715,0.010042468148888206,0.004814272903195249,-0.00671297017762984,0.004318933050779128
2024-11-04,-0.004075164138555576,-0.004723981005144373,-0.014843346329090124,0.018585431435446997,-0.0022039345427857793
2024-11-05,0.006546942486928886,0.0074550831241768645,0.008153340008582477,0.007108954201747508,0.012372886104081715
2024-11-06,-0.003297348570396097,0.021509089563651607,0.12093265228906547,0.03988207142067224,0.02543668075794936
2024-11-07,0.02157164869029282,0.012677178663704547,-0.0450613898147757,-0.0048647706882859465,0.007905305168997012
2024-11-08,-0.0011977641735426703,-0.0068911249940387664,0.0026509963327883135,0.0070486104005658134,0.004427947004682631
2024-11-11,-0.01101487896957587,-0.010876611683353854,0.01017935046049434,0.005983251411708634,0.0009739547415192895
2024-11-12,0.0,0.012185649092145034,0.0011778049206070396,-0.005611004751398863,-0.003175075723849008
2024-11-13,0.003996946153500769,0.005204086526931606,0.006971373796348823,0.00823829203278148,0.0004966154798811129
2024-11-14,0.013866523528359265,0.004031969462006346,0.0030721301544718305,0.004029522971638944,-0.006572609880686642
2024-11-15,-0.014206300185299559,-0.02825301777397582,0.01483909930118199,-0.0015607476427136335,-0.013094354472445557
2024-11-18,0.013515932688864973,0.0018584178994986988,-0.0011901725750234071,0.014068686453641455,0.00418992365260773
2024-11-19,0.0011481056257174327,0.0049547240731249165,-0.008256021789088464,-0.006716537877970441,0.0037378121246975926
2024-11-20,0.00317572335920957,-0.005586049448681241,-0.009912461380020554,0.01064176493671476,0.0003464086430342572
2024-11-21,-0.002110446711220515,-0.004371824931613921,0.017249599098513535,0.008555389566373472,0.0054886756674021875
2024-11-22,0.005948184702150083,0.01013124003434318,0.016147586383196355,0.0016313107255419013,0.0031684652298824556
2024-11-25,0.01314002890806365,0.004346981397833849,0.007295597484276772,-0.020846769727884573,0.003467437330361589
2024-11-26,0.009467813756430798,0.022245327272287563,-0.001332001332001398,-0.001441551730638202,0.00533713958056925
2024-11-27,-0.0005567451820128744,-0.011826761596139712,-0.0007502500833610481,-0.0011104867707711907,-0.003096803350264854
2024-11-29,0.010284098213138027,0.0011250209445390347,-0.00029198298156341007,0.004558057422629824,0.0063493927454434385
2024-12-02,0.00958561309751027,0.017980107115531663,-0.014478240914590934,-0.011177437954152603,0.0018317416403044184
2024-12-03,0.012855522413141252,0.0005167230364524489,-0.00605419136325136,-0.0001119186664667593,0.0004740276845711655
2024-12-04,0.0014932183002198673,0.01460162448941249,-0.006048472973548602,-0.025520312153712865,0.006345577082009113
2024-12-05,0.0001242493269828504,0.012031466913466016,0.008913649025069637,0.0041350507577480045,-0.0016814839028183037
2024-12-06,-0.0008282259400363978,0.002171925011431375,0.007985388438176866,-0.01795915379212676,0.001936963461121266
2024-12-09,0.01620523872679036,0.005589141097296579,-0.014959335889764502,-0.0017472213356692912,-0.005261717491831686
2024-12-10,0.004160039153309647,-0.006102540834845738,-0.004063997262149122,-0.007234488439987419,-0.003177109668417888
2024-12-11,-0.0051988140205515565,0.012919129898883774,0.002877883252437652,0.0017630341111838366,0.00790027613669042
2024-12-12,0.0060017147756501465,0.0012844491515875411,-0.008566044200788103,-0.008564998955774006,-0.00526481515620858
2024-12-13,0.0006899350649349767,-0.005153711122113602,-0.00686884396060139,-0.005325405973448771,-0.00020291425452345635
2024-12-16,0.011801922374984786,0.00977265015269757,-0.0015659663317237893,-0.023319286239479653,0.004363541897105749
2024-12-17,0.009780343113676482,0.006429643569236365,-0.005315209340826854,-0.007918080754678258,-0.004209868335525835
2024-12-18,-0.021554461733883645,-0.037997506900543154,-0.034996276991809405,-0.03143395308973662,-0.03045610769252627
2024-12-19,0.007059109903038596,-0.0008330055302312456,0.011755628177196886,-0.009254493500303052,-0.0003139537804222048
2024-12-20,0.018934053095919223,-0.0009958083416317098,0.020815575792920926,0.010492561797350364,0.012240365919873542
2024-12-23,0.003083857193689976,-0.0031294913996940954,0.0034717644473740705,0.006204840788850419,0.006101676685596802
2024-12-24,0.011548618501438623,0.009487710159756357,0.01716738197424883,0.008935245895449917,0.011324147468153578
2024-12-26,0.003195137157107286,-0.0028103476077492306,0.0035735813312667286,-0.0008731380331442606,6.776004271591418e-05
2024-12-27,-0.013322457857531167,-0.017510221996350106,-0.008451671028358088,-0.00012484300991510988,-0.010722300216275293
2024-12-30,-0.013344880525922198,-0.013401989137335146,-0.008004499826929745,-0.00012485859763811114,-0.011626146947648519
2024-12-31,-0.007101819342483107,-0.007935940516193729,0.0017010511623849478,0.013861035007230127,-0.003707307067582488
2025-01-02,-0.02640038575906145,-0.007014509464783214,0.0012627362187580538,0.012316696760462431,-0.0025039193292833994
2025-01-03,-0.0020223698873250706,0.011539578091736002,0.014263970428354034,0.009855141585534133,0.012742775142837504
2025-01-06,0.006782464846980973,0.010762203142563376,-0.00505938344123813,-0.004819242270537871,0.005869510286618196
2025-01-07,-0.011460729543213866,-0.012966424532096621,0.009997845291962904,0.010532611143260429,-0.011516510534954727
2025-01-08,0.0020361520880947115,0.00524991010427911,-0.00017067030763318058,0.001078223949510182,0.0014887949139996692
2025-01-10,-0.024259766110972802,-0.01337816568893968,-0.013912004438185521,0.004308250539129643,-0.015557250335518025
2025-01-13,-0.010412682221938807,-0.00425398206559835,0.018782187215995227,0.022163807217775,0.0015803103167573163
2025-01-14,-0.004810170073870523,-0.0036895890477463,0.013848179771462465,0.01130791810735765,0.0014025038901950282
2025-01-15,0.019808389435525653,0.025922767693994375,0.020446641806678878,0.015561852021772626,0.01853964332457303
2025-01-16,-0.04066692057043719,-0.004108385380797386,0.007883391500718595,0.00760494253160604,-0.0019594416210151344
2025-01-17,0.007587119541244025,0.010611407859595579,0.019920967939055734,0.00811079343836818,0.010229766761317816
2025-01-21,-0.03213378863497052,-0.00125056039262883,0.015457740853171309,-0.005363691829086026,0.009324948721305848
2025-01-22,0.005382666907906675,0.04181629181629187,-0.0007473547575030937,-0.019098848901142107,0.005725689802056566
2025-01-23,-0.0007648355603545598,0.0011565150346954933,0.012242166587938863,0.0048104124814170035,0.005558742642643111
2025-01-24,-0.003962179198559235,-0.00600240096038418,-0.004316546762589746,-0.010144692957759327,-0.002972768770028722
2025-01-27,0.03200433957146731,-0.021647981040926134,0.0039446961412279435,-0.01093958355884217,-0.014405640042586931
2025-01-28,0.036793692509855314,0.02944053663763002,0.005018478895156386,-0.01001273713305062,0.008752721841559064
2025-01-29,0.004647232784114941,-0.0110185981266121,-0.0021676859952001193,0.0023520944224784124,-0.004565837694747388
2025-01-30,-0.007443229604709889,-0.06254718491912803,0.006400806889595989,0.0053971226296660735,0.005466900372426364
2025-01-31,-0.006736431809515775,0.0001708275373990542,-0.003584782022125421,-0.029408126445607974,-0.00542034251178003
2025-02-03,-0.03408121480975945,-0.01010150302557089,-0.0018955512572533806,0.006612913697869427,-0.006854666182834368
2025-02-04,0.021152572311768703,0.0035740695094896857,0.004379675206387379,0.022097309383831476,0.006833809257306367
2025-02-05,-0.0014270887389725706,0.002259609480535385,0.009608705718916477,0.0022203887783887044,0.004130004414365285
2025-02-06,0.0032480187085877077,0.006199916680961648,0.024729579941138446,-0.019356207862351704,0.003539892225452812
2025-02-07,-0.02413019079685752,-0.014783244033122367,-0.0041029466616935295,-0.00011890521589630332,-0.009322429058834403
2025-02-10,0.0011943203432565053,0.0061058512347662575,-0.017827715355805185,0.023189274425441164,0.006917735241995127
2025-02-11,0.021958116108509396,-0.0019164619164618868,0.015062538133007841,0.00848436668270569,0.00077458238222472
2025-02-12,0.018373611171155657,-0.005908128600265905,0.0017280889590141069,-0.025354209836050523,-0.00328101433483563
2025-02-13,0.01978264561046017,0.0037145262740825302,0.003262703918994969,0.007922374915159569,0.010753261766465405
2025-02-14,0.012779951710931714,-0.005205763347478576,0.0010092703349284804,0.0042233395823116915,-5.010451802456295e-05
2025-02-18,-0.0005343417320892163,0.003000917635971323,0.012547145151051042,0.014369058160807358,0.002989719373916122
2025-02-19,0.0016450074025333716,0.0126848325997726,-0.002581596902083705,0.008292007656287126,0.00239796812167814
2025-02-20,0.0039415339136148475,0.005347332438041752,-0.04603438713255681,0.009594451665665416,-0.004236243505257198
2025-02-21,-0.0011451006052675128,-0.019235439840676216,-0.009922480620154994,-0.021834900996259843,-0.017417463910481046
2025-02-24,0.006346216835898977,-0.010425437075924915,-0.01135295959912308,0.00023131923673891386,-0.004635301916060652
2025-02-25,-0.00024411082631514702,-0.015264883261179696,-0.015601488873049796,-0.015147906004352452,-0.005066284744990046
2025-02-26,-0.027184307980303468,0.004650453609819305,0.005591311343523753,-0.005987981768356576,0.000514351786446543
2025-02-27,-0.012800669316042623,-0.018212171801487265,0.0010400416016640435,0.0056696975925047965,-0.016262296969763446
2025-02-28,0.019238103309462184,0.01149069923223589,0.02237762237762242,0.016325936157367993,0.015904028161104034
2025-03-03,-0.01584001995593065,-0.021650534895568008,-0.015751416845808053,-0.03675000520047256,-0.01784984320944638
2025-03-04,-0.008871240283879644,0.00031241864097886207,-0.041180208085140224,-0.010197886997813987,-0.012063791794666212
2025-03-05,-0.0008098201346858902,0.032299203581281466,0.005301304617933322,-0.015393827438830887,0.010956417491814419
2025-03-06,-0.001748922919421525,-0.010412727226886465,-0.02055782144769902,0.0032007642440163853,-0.018091925861909885
2025-03-07,0.015981540039312847,-0.009121019108280226,-0.017918734752250476,0.018038890375086103,0.005714505444268214
2025-03-10,-0.0487466352624496,-0.03381158078782276,-0.04308720232996399,0.007835044587430673,-0.027153402919681158
2025-03-11,-0.029358447185745207,0.0007717486760518977,-0.01378569510339267,-0.00837214420181176,-0.008478918424798865
2025-03-12,-0.01758301826629627,0.007498803382439023,-0.005627666333847703,0.004824473589625455,0.005413455906208897
2025-03-13,-0.03384800853155279,-0.011877111486486513,-0.012368781378366056,-0.00720196469596901,-0.013597659669377982
2025-03-14,0.018284781878389333,0.02614990116993443,0.03350432090207489,0.031193099796156698,0.02107548242315871
2025-03-17,0.002403619568291049,0.0003644220006766563,0.0066624932927921154,0.01676620870295209,0.00786476375626921
2025-03-18,-0.006159198833983748,-0.013478702089459005,0.004619553147070521,0.001729692829615992,-0.011021841586109526
2025-03-19,0.012063582174283383,0.011341756125867075,0.018304814962196714,0.017151947839660453,0.011108315346710418
2025-03-20,-0.005328845884167821,-0.0025558772135723107,-0.0004341973861317072,0.0038478688465219957,-0.0029488532197521344
2025-03-21,0.019596785563231522,0.011557066283174322,0.011380913079362287,-0.007328022583838134,0.0003345305499429241
2025-03-24,0.011338495575221152,0.004704422674283393,0.027616716058927127,0.011881804326148826,0.0182082406170323
2025-03-25,0.013763558472336124,0.005351308240500119,0.0128312296246762,0.0042650241086099605,0.0024433691652832046
2025-03-26,-0.009980219385002709,-0.013281469918366318,-0.0004126604217390417,0.006146844768699866,-0.012134081065905744
2025-03-27,0.010534919625828643,0.0015820322630841765,-0.01201337571729344,-0.010108101143215142,-0.0026997844999828713
2025-03-28,-0.02673676642401357,-0.030503120225795488,-0.022020725388601003,-0.004937340658551448,-0.020473511811441414
2025-03-31,0.01952998753405044,-0.009107662722683707,0.010467848750266961,0.011502444833372483,0.00682682683049074
2025-04-01,0.00480028982881997,0.01832884097035037,-0.006934460887949245,0.006131768357399592,0.0028721846909285365
2025-04-02,0.003154858482062428,-0.000132345156167335,0.00919696840671036,0.0014404942889942873,0.006434844301238307
2025-04-03,-0.09300026956599883,-0.023904698874917196,-0.0722723820774619,-0.08176877251684056,-0.05010500979857302
2025-04-04,-0.07336041212601552,-0.03598936862660018,-0.0773568602483059,-0.09615987120843317,-0.05957370482651292
2025-04-07,-0.036991500507831176,-0.005570403713602401,0.020504731861198833,-0.006799383522560709,-0.001814538444928404
2025-04-08,-0.050180405217873925,-0.009336011542705247,0.011736862442040197,-0.02429634561484506,-0.015956569046801095
2025-04-09,0.1544620419613112,0.10260730502327453,0.0834009643385687,0.08144532432298579,0.10702104439320759
2025-04-10,-0.042674901285815414,-0.023672623672623794,-0.03185864105049785,-0.06844191596655769,-0.04457350075713762
2025-04-11,0.040875680820686267,0.01883488964346358,0.04137271858358749,0.026083346534328866,0.0181643912338183
2025-04-14,0.022200772200772212,-0.0016664062906837085,-0.0064685314685315465,0.003726536131429592,0.00987317544003763
2025-04-15,-0.0018885741265344258,-0.005424860466329506,-0.006994545134612062,-0.0015911574078983914,-0.00284994976727615
2025-04-16,-0.0391873724045213,-0.037027324697120556,-0.015593851061001973,0.008632504967010401,-0.022618700384366308
2025-04-17,0.014044361525704652,-0.010429715157126651,0.010575581656991018,0.02370080108707673,0.0014524359190113412
2025-04-21,-0.019522665712679466,-0.023831145601144743,-0.013225863911649482,-0.02739662597045789,-0.02423016998440808
2025-04-22,0.03429762835548611,0.021706650128266558,0.029784737578410603,0.026713640355053414,0.026496554952408102
2025-04-23,0.024492264274555087,0.020886791932235083,0.023182435689556913,-0.0019320734497041414,0.015773300031141302
2025-04-24,0.01854493580599148,0.0348918918918919,0.01610416309748164,0.016777051059019055,0.021420402676961103
2025-04-25,0.0043948613928330715,0.011882687837873052,-0.004594503456415433,-0.0019038722222505244,0.007350151347989664
2025-04-28,0.004135211809395578,-0.0017808289887988327,-0.0013974168960406708,0.007375681614714802,0.0003879162965298999
2025-04-29,0.005123784896805983,0.0074462859063526565,0.005936731405309148,-0.0030296603750720186,0.006407369472005042
2025-04-30,0.006145783706526853,0.0031310150134737924,0.0,-0.02823614023358767,0.0004036446173347752
2025-05-01,0.0038827596003598863,0.07711003658505389,0.009569176292049564,0.003908957767620347,0.007207651334543375
2025-05-02,-0.037592566388377935,0.02346737607182736,0.02346653304939661,0.015315366764096616,0.015095125694689848
2025-05-05,-0.03166045873358159,0.0020654923530367686,0.00020399004528570686,-0.018919347333650416,-0.005829869344555871
2025-05-06,-0.0019232715861930982,-0.006623743573115792,-0.013501386849404495,0.00026059718450821556,-0.00849837042393864
2025-05-07,-0.01146044624746445,9.32574839129785e-05,0.000578871201157849,0.0003907939369622859,0.00427650692730408
2025-05-08,0.006360931568687889,0.011236478925773952,0.016860200834745154,0.013802658444101779,0.007085080216336026
2025-05-09,0.005301253950453555,0.0012909769929456694,-0.0015849148616247088,0.01053215647188166,-0.0012954908461876302
2025-05-12,0.06348240543555428,0.024243680066307505,0.028370237707587176,0.027326988387936568,0.033600340435406384
2025-05-13,0.01020310861066065,-0.0002697417223008758,0.011715812388680025,0.014722839454240466,0.0067107788529936485
2025-05-14,-0.0028317915801396865,0.008544125913434453,0.01028911231954921,-0.006340164454112007,0.001298580097892188
2025-05-15,-0.004165088981446408,0.0022739939806042386,0.007163878562577386,0.004417351356126975,0.004962788596099665
2025-05-16,-0.0009030418250950412,0.0025357563894388147,0.00026913760621338767,-0.001588139287145518,0.006435251135675557
2025-05-19,-0.01179772608344043,0.010206119234097422,-0.01030135301353019,-0.013581836068462194,0.0011112746679469154
2025-05-20,-0.009242767053386558,-0.0015374140695350036,0.003107037439801008,-0.009675402645602404,-0.003415511099642554
2025-05-21,-0.023176716388902396,-0.012318250808385223,-0.01796499922564654,-0.019289350274560024,-0.017118947899278925
2025-05-22,-0.003631118185435711,0.00510010912897263,-0.0014587604478787375,-0.0040870124960408205,0.0004009945361880263
2025-05-23,-0.030402875542908547,-0.010370042100598331,0.0001579342203972267,0.0033343250813062664,-0.006936167565260609
2025-05-27,0.025435073627844806,0.023532309345752456,0.018080612688010644,0.009075013292977108,0.02112933486994839
2025-05-28,0.001054428600120616,-0.007284579878809039,-0.006979720035674153,-0.013300095760689468,-0.005877663144250644
2025-05-29,-0.0023574258915584068,0.002908770383428738,0.0034362919286190508,0.00783087366875157,0.0040107605940697955
2025-05-30,0.004524886877828038,0.003691334153629766,-0.0014398567926217076,-0.009298557577178124,-0.0011364342721716936
2025-06-02,0.004254254254254297,0.003524518388791531,0.0025720966484799046,0.013757315806256054,0.005723112704465683
2025-06-03,0.007824570147022092,0.002181453284177959,0.006258260125942661,0.012429166434148264,0.005793386249689059
2025-06-04,-0.0022252991791118504,0.0019590344137043747,-0.007919032719125418,-0.020419207584420396,-0.00027266349115939725
2025-06-05,-0.010853942607919942,0.00827703069670438,-0.008838875476987695,-0.0010230597671515573,-0.004909281422682432
2025-06-06,0.016484617697164028,0.005817461001465185,0.014849734826163807,0.01971406918870211,0.010432299770506415
2025-06-09,-0.012175284665056463,0.00507690330320032,0.0039097278674562475,0.0020086169667874465,0.0009154809351943349
2025-06-10,0.0060878243512973995,-0.0039003388819027762,0.00717205213233596,0.018667749145543144,0.005758867088565767
2025-06-11,-0.019293720861025765,0.0036374529270797318,-0.0017228177641653852,0.015127885982476386,-0.0028966279377407034
2025-06-12,0.0021241086329844006,0.013324521383191845,0.00034515819750713383,0.0036347423210010277,0.004036658261747261
2025-06-13,-0.01387837496845823,-0.008226210262775924,-0.012613096150897007,0.018228613369903224,-0.011354768557014117
2025-06-16,0.010081883316274354,0.008867204072974033,0.021005629974762074,-0.0030825117254004164,0.009664566381703876
2025-06-17,-0.014085220651568142,-0.0023129652214137764,-0.0031944021904470876,0.009751827873102581,-0.00867888935157568
2025-06-18,0.004830669613032468,0.004636654864272449,0.016938806653441274,-0.006831019423650386,-0.00015299776164279244
2025-06-20,0.022605226819413904,-0.005957875304187343,0.0039015606242498446,0.010672763581684563,-0.0023784591073867656
2025-06-23,0.002500625156289127,0.018149586358264358,0.012219730941704032,-0.026184251901983924,0.01000417550766497
2025-06-24,-0.005986530306809623,0.008519194096675342,0.011038505556170808,-0.01349475632325714,0.0111875131828727
2025-06-25,0.0063237139272269705,0.004439420409002137,0.010224202147082417,-0.004519072930508905,0.0005673711525144842
2025-06-26,-0.002792878160690293,0.010599332937734074,0.01695221571604133,0.014845678557932507,0.007922014026134239
2025-06-27,0.00040010002500623365,-0.003057360950818988,-0.005829038564066247,-0.005440354372594158,0.0050302393500401
2025-06-30,0.020446932960056063,0.0029854990048336916,0.010010367881019722,-0.005956346061274931,0.004840422466804606
2025-07-01,0.012982559278855499,-0.010853498025716335,0.0017698488549078295,0.007948620119547334,-0.000327694261254341
2025-07-02,0.02234366687623912,-0.0019652398206719823,0.005618176036182643,0.01783435163032654,0.0045892235197704245
2025-07-03,0.00525095794503061,0.01589645765388803,0.018973998594518537,0.001549552298582002,0.00801076803850398
2025-07-07,-0.016941176470588237,-0.002261347116782275,-0.01389655172413784,-0.01035403664614909,-0.007574837942169177
2025-07-08,0.0002872187649594071,-0.002225999676218282,-0.032136238066930334,0.02789963826675912,-0.0005545090556220433
2025-07-09,0.0054077335375191105,0.013973958544599041,0.001372931570200242,-0.005264684961251986,0.006070347494757655
2025-07-10,0.006045028321195689,-0.004060406040603981,0.01814836195699221,0.007880016747976004,0.0028546635633013295
2025-07-11,-0.005914080242240716,0.003695372750642578,-0.004713136539211127,0.004667706009204853,-0.0035581720699664476
2025-07-14,-0.012088905811241779,-0.0006002881383063707,0.006551306700847359,-0.011382748399446196,0.0019315203012522097
2025-07-15,0.0023606494194730043,0.005606054538902061,-0.007605235231694318,-0.014920954189145963,-0.004325392646832404
2025-07-16,0.005046621166971077,-0.0003982001353880493,-0.0026020317234005663,-0.008945055888709197,0.003384232405652332
2025-07-17,-0.0006695040887572112,0.012110106361789441,0.014580801944106936,0.006378226419817334,0.00619430999116255
2025-07-18,0.005551036033880408,-0.0032471366158932646,0.004825642831983057,-0.00837068252153661,-0.0007413197102407176
2025-07-21,0.006186646361776127,1.9743726430876407e-05,-0.0010516352928802153,-0.010732563804488837,0.0019191845884640735
2025-07-22,0.0090810197228397,-0.009457058242843042,0.0016142050040355294,0.0048759556873145815,0.0001448703812505503
2025-07-23,-0.0011717834544175965,0.0011959099878415813,0.018673580212311247,0.016255191956834114,0.008610491924645913
2025-07-24,-0.0018301267010792932,0.009973920487348353,-0.0007222451506396776,0.007400758219616277,0.0003350965796213856
2025-07-25,0.0005641483710216999,0.005578333201923913,0.00712441920495599,-0.003910174986255122,0.0042750380845277824
2025-07-28,0.0007987595733682795,-0.0023718514162500703,-0.001161916478709668,0.011776573421582226,-0.0002541396974150567
2025-07-29,-0.013051643192488305,0.000137540771014244,-0.004242507184891053,0.010111080803995476,-0.0026691451585996173
2025-07-30,-0.010560365331557464,0.0013162806231705737,0.008899120395821747,-0.014782017617371523,-0.0012744231244077309
2025-07-31,-0.0071153846153845235,0.0397504316433841,-0.011545141845179296,-0.005552588924120916,-0.0037962468198458055
2025-08-01,-0.025130737943056314,-0.017718987055138524,-0.02367006615214995,-0.019245573518090864,-0.016587810521090818
2025-08-04,0.0048179605622609145,0.02214964940927877,0.017256590323605048,-0.002301490396728445,0.015385993047810409
2025-08-05,-0.0021255561047949234,-0.014828597203427996,-0.01002567126899323,0.0013355154846950157,-0.005131124277433341
2025-08-06,0.05117154604448393,-0.005360651672103756,-7.008445176426292e-05,-0.009578636972083832,0.007752500221615
2025-08-07,0.031950989632422155,-0.007863746211975942,-0.015454704748554482,-0.004039899516681045,-0.0008476541571038609
2025-08-08,0.04256096447164137,0.002319826786266743,0.0064782515839680865,0.006637559738037702,0.007891472247788966
2025-08-11,-0.00836618484450291,-0.0005207529702205838,0.0028292544914414464,-0.008303294942805017,-0.0020010958381970756
2025-08-12,0.010910375899995772,0.014415005499700762,0.011602482719706764,0.00504831607876377,0.010773478464978226
2025-08-13,0.016079699379533352,-0.016473900471769887,-0.008087850793097595,0.012006096156578883,0.00346366692119382
2025-08-14,-0.002365184484389715,0.003674906193184002,0.012757881418479888,-0.0009684620338671346,9.41375820762147e-05
2025-08-15,-0.005129531445320912,-0.0044515532259307156,-0.012735980011104986,0.0,-0.0023689061458210814
2025-08-18,-0.003032928942807711,-0.005942587251505094,0.0036556645224787854,-0.006179930493958263,-0.00022015520942264555
2025-08-19,-0.00143415906127764,-0.014273474315535273,-0.0030469652926135016,0.0003657858543295589,-0.005489363375407952
2025-08-20,-0.019802411106758955,-0.008000632148712938,0.005550481275907959,0.008653766460438916,-0.0026886609677596596
2025-08-21,-0.0049285143415326305,-0.0012944081567628496,-0.0026900503074342996,0.007129461351069288,-0.004059722321336667
2025-08-22,0.012761590290482294,0.005961994775777191,0.0167092864399061,0.021116992940205304,0.015540782612157189
2025-08-25,-0.002643521170198726,-0.00588701684836479,-0.0046168687982360845,0.0027025375652722783,-0.0044529112475205634
2025-08-26,0.009497724963555276,-0.004426455047554456,0.012703357563170758,-0.0016405891121131777,0.0042365874209575605
2025-08-27,0.00516366182391037,0.009412989926097959,0.0024267696619610923,0.011620372978759397,0.002305394151826734
2025-08-28,0.009011754462342259,0.005753854090196686,0.006103382433169768,0.007889985751614148,0.003583135791458414
2025-08-29,-0.0018121413470251202,-0.005819573494308727,0.001186159216457261,0.005640924098488265,-0.006033723368594979
2025-09-02,-0.010460341473957135,-0.003115326613223224,-0.005822219213323487,0.0014881770060626298,-0.007497745186463178
2025-09-03,0.03822129035076216,0.0004578116602640403,-0.0006469186244466574,-0.023203924778133933,0.005484041754577396
2025-09-04,0.005511612251767106,0.005232581274123627,0.014684337841981643,0.006904202435896067,0.008456260855214115
2025-09-05,-0.0003765847943428824,-0.02569025235032163,-0.031696998186824255,-0.019989493893906918,-0.0029301973986705088
2025-09-08,-0.007576391795730442,0.00650049769435479,-0.005097440876621007,-0.0023717702418729614,0.0024854818161210712
2025-09-09,-0.014888860770171708,0.00042383999031225805,0.017217942908926087,0.004992558710112949,0.0023389806722229345
2025-09-10,-0.03236855625963353,0.003954163976759073,0.009217063560047922,0.018096828678624055,0.0029246816686241406
2025-09-11,0.014336283185840681,0.0012860702515875566,0.017043525497385748,0.00023235496403151146,0.0084072066202876
2025-09-12,0.017623451404641388,0.017841374327687287,0.004506609694218344,-0.006155976175210687,-0.0003384068727360079
2025-09-15,0.011274005486968441,0.010765620994932723,0.006613273071682357,-0.00350609827359738,0.005385568215915182
2025-09-16,0.006146411767199433,-0.012328580067495043,0.0009574116870254556,0.017357608965908655,-0.0013927470021503074
2025-09-17,0.003538928210313319,0.0019355730678833893,0.008443550249018772,0.0024208832304266625,-0.0012567531323040004
2025-09-18,-0.004659949622166204,-0.0030948766977468845,0.004840556009811925,-0.003220048944743925,0.004726427327343519
2025-09-19,0.03213969378716941,0.018745550897730112,0.005045080233049948,-0.0137294174112087,0.004996067111121105
2025-09-22,0.04323484941359146,-0.0067546583850931485,-0.007578211024030002,-0.0011861702376553263,0.0047719922353304245
2025-09-23,-0.0064632378863254125,-0.010200891112327137,0.0009789844667797976,0.01768485356707017,-0.005490465723082982
2025-09-24,-0.008358303106765441,0.0018163869693978985,0.0022168611853687903,0.013349629087460846,-0.0032090468963421603
2025-09-25,0.018129770992366234,-0.0061487525127114084,9.758636393208953e-05,0.009198921568404739,-0.004653603315562749
2025-09-26,-0.005506091846298022,0.008784453698195582,0.008489185233371277,0.009452668015547339,0.005779052269151652
2025-09-29,-0.004044449679977968,0.0061722328150493055,-0.0011933174224343368,-0.018839781592307148,0.0028348209284769776
2025-09-30,0.0007885191610157438,0.006544630472580915,-0.0008395492266459748,-0.010907380433523017,0.003799472359674372
2025-10-01,0.003230381342578026,0.00341601645898848,-0.015253853860323963,0.0,0.003436862637987259
2025-10-02,0.006597031335898729,-0.007679213896088832,-0.010370516228545124,-0.010338434393443952,0.0011618150327097343
2025-10-03,0.003471951314660382,0.003138340383228355,0.00822417509534068,0.005455360065371506,-1.5070997207211612e-05
2025-10-06,-0.005170470007386463,0.021802495044887626,0.002137946913133737,0.00507943544383882,0.0036170938429376243
2025-10-07,-0.0008206330597889666,-0.008728890917389376,-0.00489037678876203,0.0016080161904259427,-0.003739209789341391
2025-10-08,0.006179357816105346,0.0016690647482013876,-0.012071638246644145,-0.005963042894919668,0.006014234290752318
2025-10-09,-0.01562560733859364,-0.004692407875584226,0.005007845624812157,-0.013958778918321646,-0.0029217155534606576
2025-10-10,-0.0346298124383021,-0.02201397040429487,-0.015413746138258633,-0.029716708511847933,-0.027259089531382563
2025-10-13,0.009775850785340268,0.006079924443657347,0.023887445595330625,0.013987059558346449,0.015479060708350811
2025-10-14,0.0004455786446306842,-0.0009387467730580523,-0.019408837776386578,-0.00011891483081993837,-0.001232227589088808
2025-10-15,0.0063567900234837715,-0.0002740584135932922,0.012131191612339665,-0.0005946448661929837,0.004478047741776736
2025-10-16,-0.007604103802052009,-0.0035637360485607505,-0.02373916796706388,-0.012375972525341061,-0.006869088963193604
2025-10-17,0.01962215195005279,0.003871246659330252,-0.0033328798802884085,0.008434364976660946,0.005725662004858023
2025-10-20,0.0395626242544731,0.006283644905549446,0.016378898519074703,0.010872967890094731,0.010490421910802183
2025-10-21,0.00202715624402372,0.0016924094463681705,-0.01769287584771384,-0.0023639600112524972,-1.5023900772570542e-05
2025-10-22,-0.016489808382319282,0.005592993222379716,-0.010184900372534833,0.013151066658136257,-0.005243420146241906
2025-10-23,0.004385624466350935,3.862420578992776e-05,0.001484755360657397,0.013682002203153187,0.005980914539225779
2025-10-24,0.012519803701843024,0.005889963887762306,0.02034202179009781,-0.010382562831809494,0.008242425188731195
2025-10-27,0.022859977865129943,0.01518583934879425,0.012536324930729092,0.0024480146601106867,0.011897740188794304
2025-10-28,0.0007089023207222933,0.019951209364776235,0.004038044385116013,-0.010698445701899262,0.002678258325667482
2025-10-29,0.002609895231348691,-0.0009641413579559721,0.0004985707638103243,0.00764042513676344,0.0004843211307401507
2025-10-30,0.006321817708526911,-0.029304777105527036,0.013056044649679466,-0.006065993341405673,-0.011089985698905958
2025-10-31,-0.0038062155870072223,-0.015199892931571646,0.005509280514199633,0.007511402073616447,0.003307937373476788
2025-11-03,-0.004896505675495155,-0.001514327871398824,-0.005772617572239236,0.0001164906492956419,0.0018924662250223712
2025-11-04,0.003690449563855891,-0.005249854170717327,-0.0003280301787764728,-0.01106532267645699,-0.011953141912865783
2025-11-05,0.0003714020427112441,-0.014014855355746758,0.007973748974569261,0.002708948244954712,0.0034949049811507926
2025-11-06,-0.0013736773714497774,-0.01994330234125652,0.00566443127807803,0.009984283563050367,-0.010820286355083253
2025-11-07,-0.0048330730909361685,-0.0005663774096325014,0.0025572963874140875,0.014770224158504153,0.0009930544866427748
2025-11-10,0.004557680812910858,0.018579611002044194,0.008653256271996312,0.009283263307729994,0.015737826745917838
2025-11-11,0.021643733730011272,0.00532517336618521,-0.004065431031723077,0.01339937636122901,0.0023085593834726303
2025-11-12,-0.0064793244030286745,0.004862140527720271,0.015395988686037532,-0.014342733052604029,0.0005610461798586375
2025-11-13,-0.001905180625778491,-0.015440294250703257,-0.034598461587160956,0.0026147119610566705,-0.01673341094055203
2025-11-14,-0.0019822333162029526,0.013764583666293628,-0.019247163748442486,0.017461544915855942,-0.00016507937841914178
2025-11-17,-0.01820656171840518,-0.005301014878313137,-0.010832135334826631,-0.018722042307358078,-0.009396068450808981
2025-11-18,-7.49260105644689e-05,-0.02714161185513908,-0.003244668266468298,0.008176819171915373,-0.008470003686496974
2025-11-19,0.0041961709939677405,-0.013582861564778281,0.013088738937302669,-0.013292210089012713,0.0038967820373934092
2025-11-20,-0.008618438234525794,-0.016061438097400793,-0.01636710513103723,-0.011644659781856692,-0.015374402472325688
2025-11-21,0.019720006021375802,-0.013239336144856395,-0.001224989791751785,0.006468469675583011,0.01004891347282566
2025-11-24,0.01634927664599939,0.00399744843716765,-6.813845734521262e-05,-0.0028691506625442287,0.014846875903535839
2025-11-25,0.003812774610552294,0.006332330890761906,0.017035775127768327,-0.0064453902798908835,0.00948666294339029
2025-11-26,0.002098104471133011,0.01790937980091334,0.015544388609715298,0.0077614748192269545,0.0069622266336244465
2025-11-28,0.004692801963757098,0.013459311941779628,0.01794550372765058,0.01356418503387613,0.005504564560010916
2025-12-01,0.015270192584075915,-0.010750933311573063,-0.013481107006286797,0.009753464180969784,-0.004603833488196263
2025-12-02,0.010935343454719249,0.006722758393137074,-0.0034163326982459274,-0.013253393654993895,0.0018678396699793876
2025-12-03,-0.007141356857803038,-0.025134171821868945,0.014008833805788212,0.019236504283252298,0.003491970908331199
2025-12-04,-0.012164163317114451,0.0065348490260763725,0.012905113285440306,0.004355410424842443,0.0007372498898179369
2025-12-05,-0.006852982117999895,0.004843221577387258,-0.0034017971758665277,-0.004225330187315635,0.001915437557398647
2025-12-08,-0.0031985624438454208,0.016329413720031605,0.0005474335029302946,-0.011166471997838157,-0.0030294291393728745
2025-12-09,-0.0025598500144218272,0.0020441537203597093,-0.04731099739306743,0.006323839293175482,-0.0008702885124424187
2025-12-10,0.0057834809325862935,-0.02745818033455727,0.03243133677916288,0.010772742268874369,0.0066878660702409665
2025-12-11,-0.0026954177897574594,0.010299114821495925,0.02378848859657734,-0.004884883284595687,0.0023464673420876547
2025-12-12,0.0009009009009008917,-0.01025641025641022,0.003643569419585768,-0.010040855123848225,-0.010841637330112897
2025-12-15,-0.015013501350135017,-0.007782509282372896,0.004776765811094874,-0.007212584156206514,-0.0015235196676773866
2025-12-16,0.0018276189779955487,0.003319238900634236,-0.014167089249492837,-0.03133024117474792,-0.0027554081922434026
2025-12-17,-0.01010653823701102,-0.0005689360895125839,-0.0018325028130525833,0.02273425067206669,-0.011096650638666494
2025-12-18,0.001290037226788554,0.016571790006325138,-0.006377222365369861,-0.01489565024096573,0.00761597347538201
2025-12-19,0.005447986453655185,0.004023560643769741,0.013646677471636837,0.0,0.009113920427397337
2025-12-22,-0.009885040638500375,-0.0020656889072505624,0.018803364139298395,0.010538094163570877,0.00626394706964728
2025-12-23,0.005139772223043959,0.003995032084454397,0.00891427853981619,0.006675890137868512,0.004595308234337292
2025-12-24,0.00533421623809005,0.002412221924417146,0.010079955200199109,-0.002972794358093722,0.0035366699329713036
2025-12-26,-0.0015002927400467048,-0.0006375976964212438,-0.0038808636461638013,-0.003899091511677666,-0.00010193984238637821
2025-12-29,0.0013193095613295291,-0.0012554281833336844,-0.012862929408490875,0.009670756782769407,-0.0035828225505182276
2025-12-30,-0.0024887457453427464,0.0007830530827563909,-0.001033672670321062,0.007753723497659237,-0.001227801818169949
2025-12-31,-0.004476242891212734,-0.007947947123502108,-0.0037626991094945605,-0.0056574013518926325,-0.007449040295795517
2026-01-02,-0.0031327166181401855,-0.022166874221668742,0.010260606823618179,0.02139285706157734,0.0018430611328632551
2026-01-05,-0.013864241348713446,-0.00019103413143151116,0.026668328244750406,0.027629295074186988,0.006696400647858258
2026-01-06,-0.01837063697371888,0.012016219773687498,0.006281483279723332,-0.027103267786790508,0.005979361699483654
2026-01-07,-0.007753122254898104,0.010405085065765984,-0.022978800398057997,-0.01136619426386054,-0.00324076327968148
2026-01-08,-0.004965357967667505,-0.011128412747845817,0.008642242044507586,0.0320108927206777,-0.00010205874355484479
2026-01-09,0.001276546361842712,0.0024564865943017544,-0.0018360414945378656,0.0026212377047569735,0.006649076747989202
2026-01-12,0.0033997836501316048,-0.004398274200980157,-0.014408780158803092,-0.007189558147185582,0.0015788646514656168
2026-01-13,0.0030802402587399857,-0.0136948838774823,-0.042271921366139,0.014483244422305086,-0.002010240657623674
2026-01-14,-0.00418393981268228,-0.024080196224805395,-0.009840857421240523,0.02292888368782986,-0.00494153125156227
2026-01-15,-0.006745557568515581,-0.0059445755747881135,0.004559320366057662,-0.009515773981336406,0.00273789265276303
2026-01-16,-0.010400496740142873,0.007035441034209944,0.010481290406843868,0.0017079455763142626,-0.0008423627112168486
2026-01-20,-0.034627450980392216,-0.011658370447995892,-0.0314408504863154,-0.0019181626559305887,-0.020466321055236603
2026-01-21,0.0038591217451355853,-0.02299536116633527,-0.0023353573096683844,0.02455696040350297,0.011604448569811021
2026-01-22,0.0028326319197151673,0.015894548825431176,0.005317014446227786,0.0033347297514165763,0.005251580791829857
2026-01-23,-0.0012509079170365256,0.032960918721623766,-0.01965871669494057,0.005816381006192417,0.00036481464862148094
2026-01-26,0.029776574683851198,0.009329282744058753,0.011264929424538606,0.0006195799660884127,0.0051055425040060776
2026-01-27,0.011220966729441395,0.021986935917687855,-0.002449335659643115,0.009287944866759323,0.004005634011315928
2026-01-28,-0.007100178474431673,0.0021931656780014297,0.0015472066193533696,0.007770977036762661,-0.00010118684946780476
2026-01-29,0.007190027744128802,-0.10031053958858716,0.018974376196393195,0.00933443452604421,-0.001995028331570836
2026-01-30,0.004655674102812757,-0.007436063750926536,-0.0017467536747743928,0.010856475384952491,-0.0029985246389639952
2026-02-02,0.04066422089206423,-0.016150488949051356,0.007428439367427098,-0.019888663263053385,0.004998042191321828
2026-02-03,-0.0019667507792787697,-0.028845925750207613,0.021989906272530835,0.03287344333085107,-0.008500678391723637
2026-02-04,0.026064324223833424,0.00727912259703456,0.0077601410934742265,0.022789828663710487,-0.004870015069343037
2026-02-05,-0.0021017538773734357,-0.04976113684312622,-0.022623858465650404,-0.011909358258467617,-0.01255696974092646
2026-02-06,0.008025274166606033,0.019063417123899473,0.03984893866388828,0.020217768697061933,0.01929013776868005
2026-02-09,-0.011671890197773482,0.031203045176800615,-0.0009392611145897511,0.007431416599498197,0.004847729610238272
2026-02-10,-0.0034262802988882513,-0.0008013988051871479,-0.011971168912566776,-0.0011348612348425213,-0.002651215248978822
2026-02-11,0.006656669470758159,-0.021630817839348615,-0.023661507231667045,0.026510180856240906,-0.00023241642632143567
2026-02-12,-0.050030883261272474,-0.00628493354862758,-0.02657397180170229,-0.018446815065144895,-0.015531932359814982
2026-02-13,-0.022756827048114436,-0.0012999350032497636,-0.0003003604325189091,0.006953593222313925,0.000708414413576719
2026-02-17,0.03170130327580134,-0.0111639549436795,0.015289601068269043,-0.011198229186691333,0.0016223004367674765
2026-02-18,0.001782936914380917,0.006936006480356305,0.005425311544405176,0.01944133529885872,0.005065158702171058
2026-02-19,-0.01427597697667371,-0.0005782090602844958,-0.0023873373013276744,0.007406049631641487,-0.0026516669242642177
2026-02-20,0.015366294034036443,-0.00309395044648475,0.008982134076380932,-0.005513702469587267,0.007271076758333717
2026-02-23,0.006053497786689954,-0.032196205086798546,-0.04262646609701426,0.004989844741904781,-0.010266438880054074
2026-02-24,0.022413598585987682,0.011810407758890307,-0.0012556419045033351,-0.0009194573730366695,0.007308202057052737
2026-02-25,0.007687497701106993,0.02988997397510884,0.020387359836901098,-0.004233396343449991,0.008483879531836047
2026-02-26,-0.004672214921886297,0.0028021716830544108,0.009423909423909471,0.003327178053933455,-0.005584165337707669
2026-02-27,-0.032162241455185536,-0.022404630622988475,-0.019232672450763655,0.016028032476109955,-0.004827891502254711
2026-03-02,0.0020461520973058533,0.01482785902049355,-0.009216279852001352,0.020308287050384344,0.0005716048686077446
2026-03-03,-0.0036679901682736826,0.013529825973242149,0.009166214014122653,-0.009241175122045808,-0.008862138089689164
2026-03-04,-0.004668286017914136,0.003151208376755532,-0.00292673080804684,-0.005919293128776926,0.0070939857041407706
2026-03-05,-0.008503336510962911,0.013554626629399547,-0.01970376868315382,0.005232777395845156,-0.00560586238194849
2026-03-06,-0.010883778170909908,-0.004197476633233221,-0.014007916021338773,0.0016155117851586187,-0.013178681821904847
2026-03-09,0.009409386057000813,0.0011028060286728536,0.0015358838313319634,-0.0044802947675532945,0.008808405222531901
2026-03-10,0.0036593351565810117,-0.008935128518971824,-0.004147497560295532,-0.012961319462321264,-0.001615845365080859
2026-03-11,-7.675775253290773e-05,-0.0021736445597134724,-0.004234767087810343,0.02516874916788092,-0.001262102261464615
2026-03-12,-0.019382820296307668,-0.007475802658613362,-0.016273021228736084,0.009428944011642182,-0.015268435297589478
2026-03-13,-0.022075227993267887,-0.015737623145030577,0.0019650577012397807,0.0033486135858540322,-0.005691773123205679
2026-03-16,0.01080648389033434,0.011149401986620733,0.009699044358864706,0.0035130924171655753,0.010233992494566024
2026-03-17,0.005583052860819615,-0.0013532477947073573,0.00257804774685666,0.010677421105235618,0.0026453058221527215
2026-03-18,-0.016892424003780215,-0.01912170639899624,0.002994117439853561,-0.001385523701980751,-0.014031100774333893
2026-03-19,-0.003925181239235798,-0.007086573884568126,0.0008077544426494665,0.01612906023076688,-0.002478222430345567
2026-03-20,-0.0039004382966745244,-0.01842261214604113,-0.004947889251500248,-0.0008533894067065395,-0.01437739245343117
2026-03-23,0.014128855159050602,0.00296619067618642,0.011814078149245288,0.012046484534479873,0.010530930549208728
2026-03-24,0.0005970862192501425,-0.026852312282446555,0.008678679725349303,0.020423629971086266,-0.0033666092047685003
2026-03-25,0.0038986354775827348,-0.004571981819648685,0.010435383552177102,-0.004466124446076525,0.0055890240166811544
2026-03-26,0.0010699425401228257,-0.013697889930564866,-0.012858217632172875,0.015784637725948736,-0.017910680216485675
2026-03-27,-0.016190325389913718,-0.02520133676655889,-0.030554978175015735,0.017011504029599944,-0.017102349007636186
2026-03-30,-0.008731340280851319,0.006154105547125255,0.003323327615780469,-0.009650165419918921,-0.0033534407963472512
2026-03-31,0.029063159603831767,0.031308476469766644,0.03700537806745752,-0.011368231639087845,0.02915565261762043
2026-04-01,0.007257810034711376,-0.0021664951524671405,0.004190136007693246,-0.0376180080196995,0.00755663815963481
2026-04-02,0.001135651629072587,0.011100255115887858,-0.0026677611327723394,0.00477937222945779,0.0009030568474286405
2026-04-06,0.011500097789947095,-0.0015568380083209599,0.008058984910836564,0.007304837671217701,0.0047405939352511695
2026-04-07,-0.02072779303143968,-0.001586149420652272,0.006633781255315441,0.00809510397992419,0.0004413825013145356
2026-04-08,0.021324487619950316,0.0054930260110939155,0.035721527543089104,-0.03529897900630863,0.025543250473706314
2026-04-09,0.006147778679967741,-0.003374216699694732,0.007700590596143142,-0.012485888344943574,0.005785435980813158
2026-04-10,-3.842902159734152e-05,-0.005911435941530652,-0.0014894926011073117,-0.006848701644215138,-0.000663710451153432
2026-04-13,-0.004919103800776203,0.03649043139798902,0.012355287479326682,0.003005918122326534,0.009799920744616886
2026-04-14,-0.001428957633337169,0.022792468575601132,-0.008200397206739707,-0.020449501190830777,0.012218712022058043
2026-04-15,0.02939356435643581,0.0461754207037226,-0.01676248304373107,-0.003419412544924727,0.007912711814848317
2026-04-16,-0.01138412984670889,0.02203212205405669,0.013205006076930648,0.01480809966934582,0.0024640545300995687
2026-04-17,0.025956751415650015,0.006033146536306155,0.0011022856216567067,-0.027760427510583607,0.01211850122149638
2026-04-20,0.010445991998814685,-0.011188015549445263,0.021697593833997164,0.000915162596938579,-0.002004979974909449
2026-04-21,-0.02522179045384554,0.01459871512129629,-0.012646993565564757,0.014629213442052924,-0.006564645845138051
2026-04-22,0.026325686348251276,0.020696987595983485,6.420545746377293e-05,0.012075313913104457,0.01015414215656607
2026-04-23,0.0009527299377063425,-0.03974445035994545,-0.004269388803287089,0.007835441482608063,-0.003891124640758248
2026-04-24,-0.008676233709181469,0.02138173753736372,-0.010993262194139208,-0.0019436311624151381,0.007770189223214707
2026-04-27,-0.012740500018464607,0.00047202095773068997,0.010919877436599501,-0.0017703783829717823,0.0017274395343496174
2026-04-28,0.011595720804967513,0.010450331438276894,-0.0005804017670009154,0.01667107090348341,-0.004878961790578895
2026-04-29,-0.001996746043484765,-0.011182705327543507,-0.007097919019196652,0.02302656253543378,-0.00015497617945681164
2026-04-30,0.0043719896257874424,-0.03938141895880065,0.012932575142160951,0.010572068254636857,0.00997637656030581
2026-05-01,0.032425852146967804,0.01636886474795385,-0.0024380072498636496,-0.013498669537383656,0.0027763961680151716
2026-05-04,-0.011826919641262035,-0.00198292747805473,-0.015499887448950256,0.009236279421398486,-0.0036730613644727628
2026-05-05,0.026576511426092075,-0.005427539919071411,0.005716152212967396,0.0010168612543661748,0.008043496323521637
2026-05-06,0.011729069071184428,0.00628547762321241,0.01786294251380327,-0.04147965549876331,0.013936094831939139
2026-05-07,-0.0002436986492131421,0.016487108098293124,-0.027536694320357324,-0.018546288887593576,-0.0030740791595877948
2026-05-08,0.020475676428596268,-0.013456866574572568,-0.013682449059946755,-0.004499227032795816,0.00827764084494964
2026-05-11,-0.001262583176932286,-0.0059390164409357515,-0.00698602794411185,0.026575022010264737,0.0022834882729962924
2026-05-12,0.007243405767391131,-0.011876138433515426,0.0163484087102177,0.007044101357574384,-0.00151885722267453
2026-05-13,0.013805970149253666,-0.006292090645430903,-0.015261388357835082,0.0010492243608912766,0.005609305743154991
2026-05-14,-0.0022083179977917533,0.010437793717536392,-0.0011380753138074962,0.007686247381871958,0.007914571252413127
2026-05-15,0.006773750041916937,0.0305737785175757,-0.0070372976776917895,0.023749633787581326,-0.012060034853500712
2026-05-18,-0.0079605635679314,0.003847889598821874,0.009854544227329454,0.019304005919895006,-0.0007053080534650258
2026-05-19,0.0037939833467635076,-0.014480751484750254,-0.01680981185041619,0.011794979990065624,-0.006678009328853207
2026-05-20,0.010971000434826239,0.00873928597152518,0.02134602311352829,-0.024464289525836014,0.010275659599645603
2026-05-21,0.009065343258891634,-0.0025229084850648675,0.0033945686900958005,-0.011276594670378448,0.001988242319399758
2026-05-22,0.012557788779959944,-0.001240783602567408,0.011210613598673369,0.00612817068998095,0.003941596873179742
2026-05-26,-0.0015866848002072942,-0.006068280096519163,0.0011807924429283467,-0.027747182561234096,0.006655582992094677
2026-05-27,0.008173061330392972,-0.008076340648510816,-0.024439785087144617,-0.014965605210814914,-0.00017363743035303525
2026-05-28,0.005340196236126582,0.03470085055855776,-0.008563368930082471,-0.0007066501074991516,0.005530644647397942
2026-05-29,-0.0014399539214744461,0.05445092390922501,0.008738949293770837,-0.011667971947366906,0.0024976866505954654
2026-06-01,-0.018425943728770156,0.022832267235252335,-0.009166918505087218,0.018066330263249775,0.002730008156893282
2026-06-02,0.02902288531226538,-0.041713714930947554,0.014843432289548542,0.011596219632399762,0.001361287751780571
2026-06-03,-0.015672588832487344,-0.03165575219233652,-0.00036732785680881896,0.013026464565411011,-0.0070347573767615135
2026-06-04,0.0031264101076518003,0.0016614405391492948,0.033539335226323574,0.000685811083050103,0.003788198498942963
2026-06-05,-0.012498795103299987,-0.026585679243079086,0.00478360645140441,-0.018504208850837256,-0.025874403210332964
2026-06-08,-0.01887160799114973,-0.01183190534475731,-0.004053141184417908,0.01152132055281374,0.0022701120714909706
2026-06-09,-0.0364462426212111,-0.020231213872832332,0.0051354930396303455,-0.016222251752089467,-0.002943105165827853
2026-06-10,0.0035450008604369643,-0.014997149302198753,-0.011439588688946012,0.015086369465188154,-0.015806373287501008
2026-06-11,0.013889841552918725,-0.017666599557076834,0.014139903783643382,-0.019528178470269553,0.01704153199640923
2026-06-12,-0.015221729865034006,0.0010247476558897795,0.023173819673707463,0.007579082437503493,0.005422252844134778
2026-06-15,0.018170576718304687,0.023084403951476595,-0.004135079255685903,-0.03498638155098133,0.01767934294478657
2026-06-16,0.009513528102017332,-0.014833900340204154,0.03692985215476563,-0.00344420657263389,-0.005976678998547702
2026-06-17,-0.010994519449271545,-0.03788436635096348,0.007037980827569346,-0.012551136787381845,-0.012519599452985752
2026-06-18,0.006960635242439617,0.0012931830777755948,-0.024822267743101478,-0.016579134974422094,0.010396363471534276
2026-06-22,-0.0033555920942249795,-0.031787032156035844,0.019337699246262163,0.012642104257555076,-0.0031470123470016542
2026-06-23,-0.009124271910036619,0.017967006043447586,0.008061094611794495,0.007399186089530163,-0.01452195757600172
2026-06-24,-0.0041454298335033,-0.022677434882601544,-0.0020743145743146174,-0.016342269555637223,-0.00046348046566158096
2026-06-25,-0.061177835403302905,-0.03455918568379579,0.0050308781442989225,0.009706925518013776,0.001445638535813476
2026-06-26,0.03136471015809561,0.05708131394722682,-0.01819435285654336,-0.0046219264189314435,-0.007231376821462576
2026-06-29,-0.0071886672774683635,-0.011797195484891665,0.0010380094642039595,-0.00482912332838048,0.016474848763357475
2026-06-30,0.027046212820330817,0.012073690208101562,-0.006282594772637151,-0.00877192982456143,0.007786774628879778
2026-07-01,0.017348631462537956,0.030186049005415327,0.020685633612620213,-0.005648653737525877,-0.00135249139628002
2026-07-02,0.048406821115564824,0.016160091599875193,0.0012027543073640512,0.007763681120999788,-0.0013140956876207532
2026-07-06,0.013057706639017619,-0.009603318907014269,0.01426554944889924,-0.0016910935738443378,0.008727409436343647
2026-07-07,-0.006396724876863047,0.005430004654289666,0.004441549212365281,0.028420854507811066,-0.004751890107549728
2026-07-08,0.008787742226227913,-0.014144635325583743,-0.02535227875714885,0.017569546120058677,-0.003089433068970693
2026-07-09,0.009030281757554715,0.0026608232900298123,0.014669408989171906,-0.014028776978417312,0.008465253555138164
2026-07-10,-0.0028461197900196966,0.001925278384847573,0.002980892479208297,0.004742794600510747,0.0043101728060024325
2026-07-13,0.006311049092984966,0.01529472864191117,-0.005765744345707091,0.03013798111837329,-0.0076561361679582385
2026-07-14,-0.007721155967350457,-0.015499117624491632,0.024990284877290492,0.003701092703560116,0.003550595992898975
2026-07-15,0.040144826271993894,0.027797261839815013,0.011723876461839255,-0.007901668129938644,0.003963661998057866
2026-07-16,0.017587786259541938,0.013826049591790346,-0.010838546020581874,0.00920353982300881,-0.005418582159748664
2026-07-17,0.0014403168697114666,-0.018150087260034975,-0.005974063820486486,0.011574886004910523,-0.009897165387894424
2026-07-20,-0.0214238628872776,0.02150728759331688,-0.006537672236880732,0.004507628294035948,-0.0016144438913477943
2026-07-21,0.003521234575461607,-0.011285391135747891,0.018768259214448024,0.009665170866413497,0.008341306310555296
2026-07-22,-0.005644718374321123,-0.018629792583281013,0.00863192654172562,0.011965811965811923,-0.0011626663815683669
2026-07-23,-0.012979839823253125,-0.02244197366398526,0.0048533930674019565,0.0030405405405404817,-0.012349312960757808
2026-07-24,0.03531679413044819,0.0003144818910845171,0.009459845670191536,0.004041764904008094,0.0010160123547102717
