date,open,high,low,close,volume
2023-06-28,128.94,131.48,128.44,129.04,52149512.0
2023-06-29,128.77,129.26,127.26,127.9,40760959.0
2023-06-30,129.47,131.25,128.95,130.36,54350684.0
2023-07-03,130.82,131.85,130.07,130.22,28264785.0
2023-07-05,130.24,131.4,129.64,130.38,35895409.0
2023-07-06,128.25,128.73,127.37,128.36,40697848.0
2023-07-07,128.59,130.97,128.13,129.78,41992251.0
2023-07-10,129.07,129.28,125.92,127.13,61889289.0
2023-07-11,127.75,129.77,127.35,128.78,49951460.0
2023-07-12,130.31,131.26,128.83,130.8,54022847.0
2023-07-13,134.04,134.67,132.71,134.3,61170883.0
2023-07-14,134.06,136.65,134.06,134.68,54487090.0
2023-07-17,134.56,135.62,133.21,133.56,48450198.0
2023-07-18,132.71,133.86,131.36,132.83,54969133.0
2023-07-19,133.39,135.99,132.53,135.36,54531037.0
2023-07-20,134.07,134.79,129.33,129.96,59820579.0
2023-07-21,131.34,131.37,128.42,130.0,133307294.0
2023-07-24,130.31,131.66,128.35,128.8,45671535.0
2023-07-25,129.31,129.58,128.53,129.13,39236663.0
2023-07-26,126.51,129.08,126.11,128.15,53910087.0
2023-07-27,131.0,132.63,127.79,128.25,52610661.0
2023-07-28,129.69,133.01,129.33,132.21,46317381.0
2023-07-31,133.2,133.87,132.38,133.68,41901516.0
2023-08-01,133.55,133.69,131.62,131.69,42298925.0
2023-08-02,130.15,130.23,126.82,128.21,51027614.0
2023-08-03,127.48,129.84,126.41,128.91,91163736.0
2023-08-04,141.06,143.63,139.32,139.57,153128470.0
2023-08-07,140.99,142.54,138.95,142.22,71213112.0
2023-08-08,140.62,140.84,138.42,139.94,51710497.0
2023-08-09,139.97,140.32,137.1,137.85,50017349.0
2023-08-10,139.08,140.41,137.49,138.56,58928402.0
2023-08-11,137.4,139.33,137.0,138.41,42905833.0
2023-08-14,138.3,140.59,137.75,140.57,47148699.0
2023-08-15,140.05,141.28,137.23,137.67,42781521.0
2023-08-16,137.19,137.27,135.01,135.07,41675903.0
2023-08-17,135.46,136.09,133.53,133.98,48354085.0
2023-08-18,131.62,134.07,131.15,133.22,48497698.0
2023-08-21,133.74,135.19,132.71,134.68,41442483.0
2023-08-22,135.08,135.65,133.73,134.25,32935104.0
2023-08-23,134.5,135.95,133.22,135.52,42801043.0
2023-08-24,136.4,136.78,131.83,131.84,43646250.0
2023-08-25,132.47,133.87,130.58,133.26,44147451.0
2023-08-28,133.78,133.95,131.85,133.14,34108410.0
2023-08-29,133.38,135.14,133.25,134.91,38646093.0
2023-08-30,134.93,135.68,133.92,135.07,36137015.0
2023-08-31,135.06,138.79,135.0,138.01,58781314.0
2023-09-01,139.46,139.96,136.88,138.12,40991536.0
2023-09-05,137.73,137.8,135.82,137.27,40636738.0
2023-09-06,136.32,137.45,134.61,135.36,41785507.0
2023-09-07,133.9,138.03,133.16,137.85,48498912.0
2023-09-08,136.86,138.85,136.75,138.23,38365929.0
2023-09-11,138.75,143.62,138.64,143.1,56764525.0
2023-09-12,142.32,143.0,140.61,141.23,42668452.0
2023-09-13,140.95,144.98,140.87,144.85,60465175.0
2023-09-14,145.08,145.86,142.95,144.72,64033607.0
2023-09-15,142.69,143.57,140.09,140.39,102909327.0
2023-09-18,140.48,141.75,139.22,139.98,42823480.0
2023-09-19,138.7,138.84,135.56,137.63,61482470.0
2023-09-20,138.55,139.37,135.2,135.29,46263716.0
2023-09-21,131.94,132.24,129.31,129.33,70343342.0
2023-09-22,131.11,132.03,128.52,129.12,59904348.0
2023-09-25,129.36,131.78,128.77,131.27,46017825.0
2023-09-26,130.12,130.39,125.28,125.98,73048207.0
2023-09-27,125.76,127.48,124.13,125.98,66553449.0
2023-09-28,124.04,126.58,123.04,125.98,54554968.0
2023-09-29,128.2,129.15,126.32,127.12,62411730.0
2023-10-02,127.28,130.47,126.54,129.46,48029744.0
2023-10-03,128.06,128.52,124.25,124.72,51564991.0
2023-10-04,126.06,127.36,125.68,127.0,44203870.0
2023-10-05,126.71,126.73,124.33,125.96,39660643.0
2023-10-06,124.16,128.45,124.13,127.96,46836698.0
2023-10-09,126.22,128.79,124.76,128.26,38773738.0
2023-10-10,128.82,130.74,128.05,129.48,42178619.0
2023-10-11,129.74,132.05,129.61,131.83,40741842.0
2023-10-12,132.17,134.48,131.23,132.33,55528581.0
2023-10-13,132.98,133.31,128.95,129.79,45824685.0
2023-10-16,130.69,133.07,130.43,132.55,42832918.0
2023-10-17,130.39,132.58,128.71,131.47,49344550.0
2023-10-18,129.9,130.67,127.51,128.13,42699479.0
2023-10-19,130.57,132.24,127.47,128.4,60961355.0
2023-10-20,128.05,128.17,124.97,125.17,56406061.0
2023-10-23,124.63,127.88,123.98,126.56,48259909.0
2023-10-24,127.74,128.8,126.34,128.56,46477121.0
2023-10-25,126.04,126.34,120.79,121.39,74577462.0
2023-10-26,120.63,121.6393,118.35,119.57,100419514.0
2023-10-27,126.2,130.02,125.52,127.74,125309284.0
2023-10-30,129.72,133.0,128.56,132.71,72485518.0
2023-10-31,132.75,133.57,131.71,133.09,51589380.0
2023-11-01,133.96,137.35,133.71,137.0,61529397.0
2023-11-02,138.73,138.81,136.47,138.07,52236403.0
2023-11-03,138.99,139.49,137.45,138.6,44059697.0
2023-11-06,138.76,140.73,138.36,139.74,44970337.0
2023-11-07,140.55,143.37,140.5,142.71,53553389.0
2023-11-08,142.97,143.12,141.2183,142.08,44521589.0
2023-11-09,142.02,142.65,139.84,140.6,36235366.0
2023-11-10,140.46,143.65,139.91,143.56,49349884.0
2023-11-13,142.08,143.23,140.67,142.59,35680570.0
2023-11-14,145.0,147.26,144.68,145.8,56674524.0
2023-11-15,147.06,147.29,142.59,143.2,63875720.0
2023-11-16,140.91,143.32,139.52,142.83,49653500.0
2023-11-17,142.66,145.23,142.545,145.18,49678322.0
2023-11-20,145.13,146.63,144.725,146.13,41978735.0
2023-11-21,143.91,144.05,141.5,143.9,71225888.0
2023-11-22,144.57,147.74,144.57,146.71,45700002.0
2023-11-24,146.7,147.2,145.32,146.74,21549822.0
2023-11-27,147.53,149.26,146.88,147.73,53762427.0
2023-11-28,146.98,147.5999,145.53,147.03,42711676.0
2023-11-29,147.85,148.54,145.97,146.32,40610906.0
2023-11-30,144.76,146.93,144.332,146.09,65813884.0
2023-12-01,146.0,147.245,145.55,147.03,39951833.0
2023-12-04,145.25,145.35,142.81,144.84,48294151.0
2023-12-05,143.55,148.57,143.13,146.88,46822278.0
2023-12-06,147.58,147.85,144.28,144.52,39678959.0
2023-12-07,146.15,147.92,145.34,146.88,52352774.0
2023-12-08,145.48,147.84,145.4,147.42,41905964.0
2023-12-11,145.66,146.19,143.64,145.89,50907226.0
2023-12-12,145.52,147.5,145.3,147.48,44944165.0
2023-12-13,148.12,149.46,146.82,148.84,52766160.0
2023-12-14,149.93,150.54,145.52,147.42,58400848.0
2023-12-15,148.38,150.57,147.88,149.97,110089317.0
2023-12-18,150.56,154.855,150.05,154.07,62512797.0
2023-12-19,154.4,155.12,152.69,153.79,43171288.0
2023-12-20,152.9,155.63,151.56,152.12,50322046.0
2023-12-21,153.3,153.97,152.1,153.84,36305722.0
2023-12-22,153.77,154.35,152.71,153.42,29514031.0
2023-12-26,153.56,153.975,153.03,153.41,25067195.0
2023-12-27,153.56,154.78,153.12,153.34,31434733.0
2023-12-28,153.72,154.08,152.95,153.38,27056960.0
2023-12-29,153.1,153.89,151.03,151.94,39823154.0
2024-01-02,151.54,152.38,148.39,149.93,47339202.0
2024-01-03,149.2,151.05,148.33,148.47,49425413.0
2024-01-04,145.59,147.38,144.05,144.57,56039807.0
2024-01-05,144.69,146.59,144.53,145.24,45153036.0
2024-01-08,146.74,149.4,146.15,149.1,46757052.0
2024-01-09,148.33,151.71,148.21,151.37,43812276.0
2024-01-10,152.06,154.42,151.881,153.73,44421817.0
2024-01-11,155.04,157.17,153.12,155.18,49072690.0
2024-01-12,155.39,156.2,154.01,154.62,40484147.0
2024-01-16,153.53,154.99,152.15,153.16,41384403.0
2024-01-17,151.49,152.15,149.91,151.71,34953178.0
2024-01-18,152.77,153.775,151.82,153.5,37850222.0
2024-01-19,153.83,155.76,152.74,155.34,51651628.0
2024-01-22,156.89,157.05,153.9,154.78,43687072.0
2024-01-23,154.85,156.21,153.93,156.02,37986035.0
2024-01-24,157.8,158.51,156.48,156.87,48547314.0
2024-01-25,156.95,158.505,154.5501,157.75,43638592.0
2024-01-26,158.42,160.72,157.91,159.12,51047329.0
2024-01-29,159.34,161.29,158.9,161.26,45270350.0
2024-01-30,160.7,161.73,158.49,159.0,45207430.0
2024-01-31,157.0,159.01,154.81,155.2,50284351.0
2024-02-01,155.87,159.76,155.62,159.28,76542385.0
2024-02-02,169.19,172.5,167.33,171.81,117218313.0
2024-02-05,170.2,170.55,167.7,170.31,55081297.0
2024-02-06,169.39,170.71,167.65,169.15,42505406.0
2024-02-07,169.48,170.88,168.94,170.53,47174060.0
2024-02-08,169.65,171.43,168.88,169.84,42316454.0
2024-02-09,170.9,175.0,170.5803,174.45,56985985.0
2024-02-12,174.8,175.39,171.54,172.34,51049725.0
2024-02-13,167.73,170.95,165.75,168.64,56345112.0
2024-02-14,169.21,171.21,168.28,170.98,42815542.0
2024-02-15,170.58,171.17,167.59,169.8,49854976.0
2024-02-16,168.74,170.42,167.17,169.51,48107719.0
2024-02-20,167.83,168.71,165.74,167.08,41980102.0
2024-02-21,168.94,170.23,167.14,168.59,44575622.0
2024-02-22,173.1,174.8,171.77,174.58,55392298.0
2024-02-23,174.28,175.75,173.7,174.99,59715095.0
2024-02-26,175.7,176.37,174.26,174.73,44368613.0
2024-02-27,174.075,174.62,172.86,173.54,31141732.0
2024-02-28,172.44,174.05,172.27,173.16,28180482.0
2024-02-29,173.01,177.22,172.85,176.76,53805228.0
2024-03-01,176.75,178.725,176.07,178.22,31981090.0
2024-03-04,177.53,180.14,177.49,177.58,37381520.0
2024-03-05,176.93,176.93,173.303,174.12,37228302.0
2024-03-06,175.54,176.46,173.26,173.51,32090898.0
2024-03-07,174.83,177.99,173.72,176.82,34063241.0
2024-03-08,176.44,178.785,174.33,175.35,37893189.0
2024-03-11,174.31,174.47,171.47,171.96,28484776.0
2024-03-12,173.5,176.76,171.98,175.39,36610602.0
2024-03-13,175.9,177.62,175.55,176.555,30772578.0
2024-03-14,177.69,179.53,176.465,178.75,43705736.0
2024-03-15,176.64,177.93,173.9,174.42,72147331.0
2024-03-18,175.8,176.69,174.28,174.48,31250524.0
2024-03-19,174.215,176.09,173.52,175.9,26880868.0
2024-03-20,176.14,178.53,174.64,178.15,29946974.0
2024-03-21,179.988,181.415,178.15,178.15,32824172.0
2024-03-22,177.752,179.255,176.75,178.87,27995326.0
2024-03-25,178.01,180.99,177.24,179.71,29815419.0
2024-03-26,180.15,180.45,177.95,178.3,29658924.0
2024-03-27,179.88,180.0,177.3099,179.83,33272549.0
2024-03-28,180.17,181.7,179.26,180.38,38051588.0
2024-04-01,180.79,183.0,179.95,180.97,29174521.0
2024-04-02,179.07,180.79,178.38,180.69,32611546.0
2024-04-03,179.9,182.87,179.8,182.41,31046638.0
2024-04-04,184.0,185.1,180.0,180.0,41624261.0
2024-04-05,182.38,186.27,181.97,185.07,42373992.0
2024-04-08,186.9,187.29,184.81,185.19,39221282.0
2024-04-09,187.24,187.34,184.2,185.67,36546946.0
2024-04-10,182.77,186.27,182.67,185.95,35879151.0
2024-04-11,186.74,189.77,185.51,189.05,40020742.0
2024-04-12,187.72,188.38,185.08,186.13,38608849.0
2024-04-15,187.43,188.69,183.0,183.62,48052395.0
2024-04-16,183.27,184.83,182.26,183.32,32891265.0
2024-04-17,184.31,184.57,179.82,181.28,31359673.0
2024-04-18,181.47,182.39,178.65,179.22,30723793.0
2024-04-19,178.74,179.0,173.44,174.63,56000729.0
2024-04-22,176.94,178.87,174.56,177.23,37924890.0
2024-04-23,178.08,179.93,175.98,179.54,37046519.0
2024-04-24,179.94,180.32,176.18,176.59,34185109.0
2024-04-25,169.68,173.92,166.32,173.67,49249390.0
2024-04-26,177.8,180.82,176.13,179.62,43919765.0
2024-04-29,182.75,183.53,179.39,180.96,54063937.0
2024-04-30,181.09,182.99,174.8,175.0,94639786.0
2024-05-01,181.64,185.15,176.56,179.0,94645148.0
2024-05-02,180.85,185.1,179.91,184.72,54303510.0
2024-05-03,186.99,187.87,185.42,186.21,39171898.0
2024-05-06,186.28,188.745,184.8,188.7,34724825.0
2024-05-07,188.92,189.94,187.305,188.76,34048901.0
2024-05-08,187.44,188.43,186.385,188.0,26136338.0
2024-05-09,188.88,191.7,187.44,189.5,43368377.0
2024-05-10,189.16,189.892,186.93,187.48,34141693.0
2024-05-13,188.0,188.31,185.36,186.57,24898524.0
2024-05-14,183.82,187.72,183.45,187.07,38698111.0
2024-05-15,185.97,186.7193,182.73,185.99,75459909.0
2024-05-16,185.6,187.31,183.46,183.63,38834402.0
2024-05-17,183.76,185.3,183.35,184.7,33175654.0
2024-05-20,184.34,186.665,183.28,183.54,30511524.0
2024-05-21,182.3,183.26,180.75,183.15,50839067.0
2024-05-22,183.88,185.22,181.9715,183.13,28148778.0
2024-05-23,183.66,184.76,180.08,181.05,33670111.0
2024-05-24,181.65,182.435,180.3,180.75,27471569.0
2024-05-28,179.93,182.24,179.49,182.15,29926929.0
2024-05-29,181.7,184.08,181.55,182.02,32009077.0
2024-05-30,181.31,181.34,178.355,179.32,29249127.0
2024-05-31,178.3,179.21,173.87,176.44,58903930.0
2024-06-03,177.7,178.7,175.92,178.34,30786580.0
2024-06-04,177.64,179.82,176.44,179.34,27198320.0
2024-06-05,180.1,181.5,178.75,181.28,32116394.0
2024-06-06,181.745,185.0,181.49,185.0,31371043.0
2024-06-07,184.9,186.2888,183.36,184.3,28021473.0
2024-06-10,184.07,187.23,183.79,187.06,34494421.0
2024-06-11,187.06,187.77,184.5373,187.23,27265073.0
2024-06-12,188.015,188.35,185.43,186.89,33984045.0
2024-06-13,186.09,187.67,182.666,183.83,39721453.0
2024-06-14,183.08,183.72,182.23,183.66,25456392.0
2024-06-17,182.52,185.0,181.22,184.06,35601872.0
2024-06-18,183.735,184.29,181.43,182.81,36659143.0
2024-06-20,182.91,186.51,182.72,186.1,44726352.0
2024-06-21,187.8,189.275,185.86,189.08,72931433.0
2024-06-24,189.33,191.0,185.33,185.57,50610272.0
2024-06-25,186.81,188.84,185.42,186.34,45898446.0
2024-06-26,186.92,194.8,186.26,193.61,65103840.0
2024-06-27,195.005,199.84,194.2,197.85,74397446.0
2024-06-28,197.73,198.85,192.5,193.25,76930158.0
2024-07-01,193.49,198.2957,192.82,197.2,41192011.0
2024-07-02,197.28,200.43,195.93,200.0,45600013.0
2024-07-03,199.94,200.029,196.7601,197.59,31374477.0
2024-07-05,198.65,200.55,198.17,200.0,39858732.0
2024-07-08,200.04,201.2,197.96,199.29,34767245.0
2024-07-09,199.4,200.57,199.045,199.34,32756551.0
2024-07-10,199.995,200.11,197.69,199.79,32883623.0
2024-07-11,200.09,200.2699,192.86,195.05,44565041.0
2024-07-12,194.8,196.47,193.8301,194.49,30598453.0
2024-07-15,194.56,196.19,190.83,192.72,40683057.0
2024-07-16,195.59,196.62,192.24,193.02,33994703.0
2024-07-17,191.35,191.58,185.99,187.93,48076139.0
2024-07-18,189.59,189.68,181.448,183.75,51043615.0
2024-07-19,181.14,184.93,180.11,183.13,43081761.0
2024-07-22,185.0,185.06,182.48,182.55,39931759.0
2024-07-23,184.1,189.39,183.56,186.41,47537580.0
2024-07-24,183.2,185.45,180.41,180.83,41532353.0
2024-07-25,182.91,183.8958,176.8,179.85,44463847.0
2024-07-26,180.39,183.19,180.24,182.5,29505614.0
2024-07-29,183.84,184.75,182.38,183.2,33270053.0
2024-07-30,184.72,185.86,179.38,181.71,39508144.0
2024-07-31,185.05,187.94,184.46,186.98,41667176.0
2024-08-01,189.285,190.6,181.87,184.07,70435630.0
2024-08-02,166.75,168.77,160.55,167.9,141448261.0
2024-08-05,154.21,162.96,151.61,161.02,83149430.0
2024-08-06,161.71,165.08,158.5404,161.93,59950816.0
2024-08-07,166.55,167.58,161.43,162.77,48408239.0
2024-08-08,165.165,166.6899,162.55,165.8,44616206.0
2024-08-09,166.4,168.55,165.85,166.94,36400885.0
2024-08-12,168.14,168.55,166.1101,166.8,30072782.0
2024-08-13,167.81,171.04,167.1,170.23,39237553.0
2024-08-14,172.11,172.28,168.86,170.1,28843743.0
2024-08-15,174.86,177.91,173.99,177.59,51698512.0
2024-08-16,177.04,178.34,176.2601,177.06,31489173.0
2024-08-19,177.64,178.3,176.16,178.22,31129505.0
2024-08-20,177.92,179.01,177.4308,178.88,26255084.0
2024-08-21,179.92,182.385,178.8937,180.11,35599120.0
2024-08-22,181.38,181.47,175.68,176.13,32047464.0
2024-08-23,177.34,178.9699,175.24,177.04,29150091.0
2024-08-26,176.7,177.4682,174.3,175.5,22366185.0
2024-08-27,174.15,174.89,172.25,173.12,29841863.0
2024-08-28,173.69,173.69,168.92,170.8,29044720.0
2024-08-29,173.22,174.29,170.81,172.12,26407815.0
2024-08-30,172.78,178.9,172.6,178.5,43429340.0
2024-09-03,177.55,178.26,175.26,176.25,37817285.0
2024-09-04,174.48,175.98,172.54,173.33,30309074.0
2024-09-05,175.0,179.875,174.995,177.89,40170526.0
2024-09-06,177.24,178.38,171.16,171.39,41466522.0
2024-09-09,174.53,175.85,173.51,175.4,29037362.0
2024-09-10,177.49,180.5,176.79,179.55,36233795.0
2024-09-11,180.095,184.99,175.73,184.52,42564694.0
2024-09-12,184.8,187.41,183.54,187.0,33622463.0
2024-09-13,187.0,188.5,185.91,186.49,26495351.0
2024-09-16,185.29,185.81,183.36,184.89,26065470.0
2024-09-17,186.85,189.45,186.14,186.88,26091682.0
2024-09-18,186.45,188.8,185.06,186.43,34447944.0
2024-09-19,190.04,190.99,188.47,189.87,39543167.0
2024-09-20,190.23,191.84,187.41,191.6,100378148.0
2024-09-23,191.64,194.45,190.57,193.88,36993110.0
2024-09-24,194.27,195.37,190.13,193.96,43478837.0
2024-09-25,193.75,193.9498,192.16,192.53,26391043.0
2024-09-26,194.31,194.53,189.54,191.16,36334854.0
2024-09-27,190.68,190.9,187.34,187.97,36002194.0
2024-09-30,187.14,188.49,184.65,186.33,41680081.0
2024-10-01,184.9,186.19,183.4519,185.13,36044809.0
2024-10-02,184.44,186.6,184.04,184.76,23703997.0
2024-10-03,183.045,183.44,180.875,181.96,30204290.0
2024-10-04,185.75,187.6,183.6,186.51,41078722.0
2024-10-07,182.95,183.6,180.25,180.8,42364139.0
2024-10-08,181.915,183.09,180.92,182.72,26372047.0
2024-10-09,182.82,185.845,182.05,185.17,26343113.0
2024-10-10,187.13,188.134,185.83,186.65,27784737.0
2024-10-11,186.63,189.9284,186.3,188.82,25751454.0
2024-10-14,189.78,189.83,187.36,187.54,22614224.0
2024-10-15,187.63,188.41,184.58,187.69,32178919.0
2024-10-16,187.05,187.78,185.61,186.89,23456797.0
2024-10-17,188.22,188.94,186.0,187.53,25039315.0
2024-10-18,187.15,190.74,186.28,188.99,37417669.0
2024-10-21,188.05,189.46,186.4,189.07,24639353.0
2024-10-22,188.35,191.5201,186.975,189.7,29650593.0
2024-10-23,188.85,189.16,183.69,184.71,31937014.0
2024-10-24,185.25,187.11,183.86,186.38,21647205.0
2024-10-25,187.85,190.45,187.53,187.83,29361804.0
2024-10-28,189.565,190.21,188.21,188.39,27930816.0
2024-10-29,188.58,191.4599,187.815,190.83,35690106.0
2024-10-30,194.695,195.61,192.42,192.73,37707550.0
2024-10-31,190.51,190.6,185.23,186.4,75146759.0
2024-11-01,199.0,200.5,197.02,197.93,99686910.0
2024-11-04,196.45,197.33,194.3101,195.78,38491980.0
2024-11-05,196.04,199.82,195.99,199.5,30564657.0
2024-11-06,200.01,207.55,199.14,207.09,72292005.0
2024-11-07,207.44,212.25,207.19,210.05,52878210.0
2024-11-08,209.72,209.9633,207.44,208.18,36075839.0
2024-11-11,208.5,209.65,205.59,206.84,35455856.0
2024-11-12,208.37,209.54,206.01,208.91,38942882.0
2024-11-13,209.4,215.09,209.14,214.1,46212943.0
2024-11-14,214.16,215.9,210.88,211.48,42620267.0
2024-11-15,206.76,207.34,199.61,202.61,86591094.0
2024-11-18,204.15,204.67,200.95,201.7,36512295.0
2024-11-19,199.33,205.3,198.78,204.61,31197867.0
2024-11-20,202.98,203.13,199.45,202.88,32768854.0
2024-11-21,203.49,203.49,195.75,198.38,58800036.0
2024-11-22,198.25,199.2599,196.75,197.12,31530730.0
2024-11-25,199.28,201.9499,199.0,201.45,40685129.0
2024-11-26,201.9,208.0,201.79,207.86,41673736.0
2024-11-27,206.98,207.64,205.05,205.74,28061622.0
2024-11-29,205.83,208.2,204.59,207.89,24773662.0
2024-12-02,209.96,212.99,209.5101,210.71,39523179.0
2024-12-03,210.31,214.02,209.65,213.44,32214618.0
2024-12-04,215.96,220.0,215.75,218.16,48745714.0
2024-12-05,218.03,222.15,217.3,220.55,41140220.0
2024-12-06,220.75,227.15,220.6,227.03,44178060.0
2024-12-09,227.21,230.08,225.67,226.09,46819332.0
2024-12-10,226.09,229.06,224.2002,225.04,31199771.0
2024-12-11,226.41,231.2,226.26,230.26,35385619.0
2024-12-12,229.83,231.09,227.63,228.97,28203984.0
2024-12-13,228.4,230.2,225.8608,227.46,28768045.0
2024-12-16,230.23,233.0,228.01,232.93,37552084.0
2024-12-17,232.39,232.73,227.85,231.15,35948019.0
2024-12-18,230.77,231.3999,220.11,220.52,43281329.0
2024-12-19,224.91,226.09,222.92,223.29,39918739.0
2024-12-20,219.84,226.21,218.73,224.92,88279184.0
2024-12-23,225.01,226.88,223.9,225.06,28069911.0
2024-12-24,226.94,229.14,226.13,229.05,14355716.0
2024-12-26,228.5,228.5,226.6706,227.05,16174373.0
2024-12-27,225.6,226.03,220.9,223.75,27367117.0
2024-12-30,220.06,222.9972,218.43,221.3,28321233.0
2024-12-31,222.965,223.2299,218.94,219.39,24819473.0
2025-01-02,222.03,225.15,218.19,220.22,33956578.0
2025-01-03,222.505,225.36,221.62,224.19,27515558.0
2025-01-06,226.78,228.835,224.84,227.61,31848057.0
2025-01-07,227.9,228.381,221.46,222.11,28083701.0
2025-01-08,223.185,223.52,220.2,222.13,25033154.0
2025-01-10,221.46,221.71,216.5,218.94,36811470.0
2025-01-13,218.06,219.4,216.47,218.46,27262596.0
2025-01-14,220.44,221.82,216.2,217.76,24711640.0
2025-01-15,222.83,223.57,220.75,223.35,31290879.0
2025-01-16,224.42,224.65,220.31,220.66,24756216.0
2025-01-17,225.84,226.51,223.08,225.94,42370114.0
2025-01-21,228.9,231.78,226.94,230.71,39951326.0
2025-01-22,232.02,235.44,231.19,235.01,41448207.0
2025-01-23,234.1,235.52,231.51,235.42,26404356.0
2025-01-24,234.5,236.4,232.93,234.85,25890389.0
2025-01-27,226.21,235.61,225.86,235.42,49428331.0
2025-01-28,234.29,241.77,233.98,238.15,41587095.0
2025-01-29,239.015,240.39,236.15,237.07,26091703.0
2025-01-30,237.14,237.95,232.22,234.64,32020708.0
2025-01-31,236.5,240.29,236.41,237.68,36161966.0
2025-02-03,234.06,239.25,232.9,237.42,37285777.0
2025-02-04,239.01,242.52,238.03,242.06,29713745.0
2025-02-05,237.02,238.32,235.2,236.17,38831896.0
2025-02-06,238.01,239.6599,236.01,238.83,60897094.0
2025-02-07,232.5,234.81,228.06,229.15,77538874.0
2025-02-10,230.545,233.92,229.2,233.14,35419701.0
2025-02-11,231.92,233.44,230.13,232.76,23713645.0
2025-02-12,230.46,231.18,228.16,228.93,32285153.0
2025-02-13,228.85,230.42,227.52,230.37,31346512.0
2025-02-14,229.2,229.89,227.23,228.68,27030995.0
2025-02-18,228.82,229.3,223.72,226.65,42975117.0
2025-02-19,225.52,226.83,223.71,226.63,28566473.0
2025-02-20,224.775,225.13,221.81,222.88,30001625.0
2025-02-21,223.28,223.31,214.74,216.58,55323766.0
2025-02-24,217.45,217.715,212.42,212.71,42387584.0
2025-02-25,211.63,213.34,204.16,212.8,58957976.0
2025-02-26,214.94,218.16,213.09,214.35,39120602.0
2025-02-27,218.35,219.97,208.37,208.74,40548565.0
2025-02-28,208.65,212.62,206.99,212.28,51771526.0
2025-03-03,213.352,214.01,202.55,205.02,42948425.0
2025-03-04,200.11,206.8,197.432,203.8,60853072.0
2025-03-05,204.8,209.98,203.26,208.36,38609861.0
2025-03-06,204.4,205.77,198.3015,200.7,49863754.0
2025-03-07,199.49,202.2653,192.53,199.25,59802153.0
2025-03-10,195.6,196.73,190.85,194.54,62350826.0
2025-03-11,193.9,200.18,193.4,196.59,54002852.0
2025-03-12,200.72,201.52,195.29,198.89,43679203.0
2025-03-13,198.165,198.8799,191.82,193.89,41270761.0
2025-03-14,197.41,198.65,195.32,197.95,38096524.0
2025-03-17,198.77,199.0,194.3247,195.74,47341642.0
2025-03-18,192.52,194.0,189.38,192.82,40414829.0
2025-03-19,193.38,195.965,191.96,195.54,39442535.0
2025-03-20,193.07,199.32,192.3,194.95,38920895.0
2025-03-21,192.9,196.99,192.52,196.21,60056916.0
2025-03-24,200.0,203.64,199.95,203.26,41625355.0
2025-03-25,203.595,206.21,203.22,205.71,31170968.0
2025-03-26,205.835,206.01,199.925,201.13,32990794.0
2025-03-27,200.89,203.79,199.2821,201.36,27317495.0
2025-03-28,198.42,199.26,191.881,192.72,52548145.0
2025-03-31,188.19,191.33,184.4,190.26,63547471.0
2025-04-01,187.86,193.93,187.2,192.17,41267120.0
2025-04-02,187.66,198.34,187.66,196.01,53679087.0
2025-04-03,182.995,184.13,176.92,178.41,95553615.0
2025-04-04,167.145,178.1436,166.0,171.0,123159359.0
2025-04-07,162.0,183.4099,161.38,175.26,109327054.0
2025-04-08,185.23,185.9,168.57,170.66,87710151.0
2025-04-09,172.115,192.65,169.93,191.1,116804296.0
2025-04-10,185.44,186.8692,175.8518,181.22,68301885.0
2025-04-11,179.93,185.86,178.0,184.87,50594328.0
2025-04-14,186.84,187.44,179.23,182.12,48002491.0
2025-04-15,181.41,182.35,177.9331,179.59,43641546.0
2025-04-16,176.29,179.1046,171.41,174.33,51875191.0
2025-04-17,176.0,176.21,172.0,172.61,44726422.0
2025-04-21,169.6,169.6,165.285,167.32,48126110.0
2025-04-22,169.845,176.78,169.35,173.18,56607195.0
2025-04-23,183.45,187.38,180.19,180.6,63470149.0
2025-04-24,180.915,186.74,180.18,186.54,43763132.0
2025-04-25,187.62,189.94,185.49,188.99,36414001.0
2025-04-28,190.105,190.22,184.885,187.7,33224731.0
2025-04-29,183.99,188.0158,183.68,187.39,41667243.0
2025-04-30,182.17,185.05,178.85,184.42,55176421.0
2025-05-01,190.63,191.8071,187.5,190.2,74265963.0
2025-05-02,191.435,192.88,186.4,189.98,77903487.0
2025-05-05,186.51,188.18,185.53,186.35,35217016.0
2025-05-06,184.57,187.93,183.85,185.01,29313955.0
2025-05-07,185.56,190.99,185.01,188.71,44002883.0
2025-05-08,191.43,194.33,188.82,192.08,41043585.0
2025-05-09,193.375,194.69,191.16,193.06,29663142.0
2025-05-12,210.71,211.66,205.75,208.64,75205040.0
2025-05-13,211.08,214.84,210.1,211.37,56193504.0
2025-05-14,211.45,211.93,208.85,210.25,38492057.0
2025-05-15,206.45,206.88,202.673,205.17,64347316.0
2025-05-16,206.85,206.85,204.374,205.59,43318465.0
2025-05-19,201.645,206.62,201.26,206.16,34314805.0
2025-05-20,204.628,205.5899,202.65,204.07,29470305.0
2025-05-21,201.61,203.455,200.06,201.12,42460919.0
2025-05-22,201.38,205.76,200.16,203.1,38938596.0
2025-05-23,198.9,202.37,197.85,200.99,33393512.0
2025-05-27,203.085,206.69,202.19,206.02,34891910.0
2025-05-28,205.915,207.66,204.41,204.72,28549618.0
2025-05-29,208.025,208.81,204.23,205.7,34699831.0
2025-05-30,204.84,205.99,201.695,205.01,51679184.0
2025-06-02,204.98,207.0,202.68,206.65,29113275.0
2025-06-03,207.105,208.9469,205.03,205.71,33138728.0
2025-06-04,206.55,208.18,205.18,207.23,29915557.0
2025-06-05,209.55,212.81,207.56,207.91,51978852.0
2025-06-06,212.4,213.8699,210.5,213.57,39832400.0
2025-06-09,214.75,217.85,212.88,216.98,38102429.0
2025-06-10,216.78,217.69,214.15,217.61,31303260.0
2025-06-11,217.41,218.4,212.89,213.2,39325975.0
2025-06-12,211.78,213.58,211.33,213.24,27639931.0
2025-06-13,209.96,214.05,209.62,212.1,29337744.0
2025-06-16,212.31,217.06,211.6,216.1,33284158.0
2025-06-17,215.195,217.41,214.56,214.82,32086253.0
2025-06-18,215.09,217.96,212.34,212.52,44360484.0
2025-06-20,214.68,214.89,208.2709,209.69,75350605.0
2025-06-23,209.79,210.39,207.3101,208.47,37311719.0
2025-06-24,212.135,214.34,211.045,212.77,38378722.0
2025-06-25,214.615,216.03,211.11,211.99,31755698.0
2025-06-26,213.12,218.035,212.01,217.12,50480744.0
2025-06-27,219.92,223.3,216.74,223.3,119217040.0
2025-06-30,223.52,223.82,219.12,219.39,58887775.0
2025-07-01,219.5,221.875,217.93,220.46,39256717.0
2025-07-02,219.73,221.6,219.06,219.92,30894110.0
2025-07-03,221.82,224.01,221.36,223.41,29266152.0
2025-07-07,223.0,224.29,222.37,223.47,36604138.0
2025-07-08,223.915,224.0,218.43,219.36,45691973.0
2025-07-09,221.07,224.29,220.47,222.54,38155031.0
2025-07-10,221.55,222.79,219.7,222.26,30370440.0
2025-07-11,223.58,226.6799,222.37,225.02,50518303.0
2025-07-14,225.07,226.66,224.24,225.69,35702040.0
2025-07-15,226.2,227.27,225.455,226.35,34907158.0
2025-07-16,225.875,226.1,222.18,223.19,39535813.0
2025-07-17,223.32,224.5,222.51,223.88,31855690.0
2025-07-18,225.14,226.4,222.98,226.13,37833787.0
2025-07-21,225.835,229.69,225.65,229.3,40297504.0
2025-07-22,229.68,230.0,226.35,227.47,37483576.0
2025-07-23,228.47,228.79,227.09,228.29,28294828.0
2025-07-24,229.17,236.0,228.64,232.23,42902051.0
2025-07-25,232.22,232.48,231.18,231.44,28712043.0
2025-07-28,233.35,234.29,232.25,232.79,26300096.0
2025-07-29,234.15,234.72,230.31,231.01,33716220.0
2025-07-30,231.64,231.8,229.29,230.19,32992929.0
2025-07-31,235.77,236.53,231.4,234.11,104357154.0
2025-08-01,217.21,220.4399,212.8,214.75,122258338.0
2025-08-04,217.4,217.44,211.42,211.65,77890095.0
2025-08-05,213.05,216.3,212.87,213.75,51505113.0
2025-08-06,214.695,222.65,213.7409,222.31,54823045.0
2025-08-07,221.0,226.22,220.82,223.13,40603413.0
2025-08-08,223.14,223.8,221.8836,222.69,32970473.0
2025-08-11,221.78,223.05,220.4,221.3,31646156.0
2025-08-12,222.23,223.5,219.05,221.47,37254629.0
2025-08-13,222.0,224.9185,222.0,224.56,36508335.0
2025-08-14,227.4,233.11,227.02,230.98,61545813.0
2025-08-15,232.58,234.08,229.807,231.03,39649234.0
2025-08-18,230.225,231.91,228.33,231.49,25248819.0
2025-08-19,230.09,230.5283,227.12,228.01,29890877.0
2025-08-20,227.12,227.27,220.915,223.81,36604173.0
2025-08-21,222.65,222.78,220.5,221.95,32140459.0
2025-08-22,222.79,229.14,220.82,228.84,37315341.0
2025-08-25,227.35,229.6,227.31,227.94,22633693.0
2025-08-26,227.11,229.0,226.02,228.71,26105170.0
2025-08-27,228.57,229.87,227.81,229.12,21254401.0
2025-08-28,229.005,232.71,228.02,231.6,33679515.0
2025-08-29,231.32,231.8125,228.16,229.0,26199018.0
2025-09-02,223.52,226.17,221.83,225.34,38843686.0
2025-09-03,225.21,227.1699,224.36,225.99,29223082.0
2025-09-04,231.185,235.77,230.78,235.68,59391779.0
2025-09-05,235.19,236.0,231.93,232.33,36721802.0
2025-09-08,234.94,237.6,233.75,235.84,33947072.0
2025-09-09,236.355,238.85,235.08,238.24,27033776.0
2025-09-10,237.515,237.68,229.0962,230.33,60907712.0
2025-09-11,231.49,231.53,229.3377,229.95,37485539.0
2025-09-12,230.35,230.79,226.29,228.15,38496218.0
2025-09-15,230.625,233.73,230.32,231.43,33243327.0
2025-09-16,232.935,235.9,232.23,234.05,38203886.0
2025-09-17,233.77,234.3,228.71,231.62,42815208.0
2025-09-18,232.5,233.48,228.79,231.23,37931736.0
2025-09-19,232.37,234.16,229.7,231.48,97943016.0
2025-09-22,230.56,230.565,227.51,227.63,45914378.0
2025-09-23,227.83,227.86,220.07,220.71,70956193.0
2025-09-24,224.15,224.56,219.45,220.21,49509007.0
2025-09-25,220.06,220.67,216.47,218.15,52226328.0
2025-09-26,219.08,221.05,218.02,219.78,41650098.0
2025-09-29,220.08,222.6,219.3,222.17,44259177.0
2025-09-30,222.03,222.24,217.89,219.57,48396339.0
2025-10-01,217.36,222.15,216.61,220.63,43933737.0
2025-10-02,221.01,222.81,218.945,222.41,41258502.0
2025-10-03,223.44,224.2,219.34,219.51,43639008.0
2025-10-06,221.0,221.73,216.03,220.9,43690603.0
2025-10-07,220.88,222.89,220.17,221.78,31194678.0
2025-10-08,222.92,226.73,221.19,225.22,46685938.0
2025-10-09,224.995,228.21,221.75,227.74,46412122.0
2025-10-10,226.21,228.25,216.0,216.37,72366999.0
2025-10-13,217.7,220.68,217.04,220.07,37809639.0
2025-10-14,215.555,219.32,212.6,216.39,45665562.0
2025-10-15,216.62,217.71,212.66,215.57,45909248.0
2025-10-16,215.67,218.59,212.8101,214.47,42414531.0
2025-10-17,214.56,214.8,211.03,213.04,45986922.0
2025-10-20,213.88,216.69,213.59,216.48,38882819.0
2025-10-21,218.43,223.32,217.99,222.03,50494565.0
2025-10-22,219.3,220.005,216.52,217.95,44308524.0
2025-10-23,219.0,221.3,218.18,221.09,31539907.0
2025-10-24,221.97,225.4,221.9,224.21,38685016.0
2025-10-27,227.66,228.4,225.54,226.97,38266884.0
2025-10-28,228.215,231.485,226.21,229.25,47099956.0
2025-10-29,231.672,232.82,227.76,230.3,52036151.0
2025-10-30,227.06,228.44,222.75,222.86,102252937.0
2025-10-31,250.1,250.5,243.98,244.22,166340808.0
2025-11-03,255.36,258.6,252.9,254.0,95997811.0
2025-11-04,250.38,257.01,248.66,249.32,51546271.0
2025-11-05,249.03,251.0,246.16,250.2,40610659.0
2025-11-06,249.155,250.38,242.17,243.04,46003500.0
2025-11-07,242.9,244.9,238.49,244.41,46374227.0
2025-11-10,248.34,251.75,245.59,248.4,36476512.0
2025-11-11,248.41,249.7499,247.23,249.1,23564023.0
2025-11-12,250.235,250.37,243.75,244.2,31189938.0
2025-11-13,243.05,243.75,236.5,237.58,41401723.0
2025-11-14,235.06,238.73,232.89,234.69,38956626.0
2025-11-17,233.25,234.6,229.19,232.87,59918992.0
2025-11-18,228.1,230.2,222.42,222.55,60608415.0
2025-11-19,223.735,223.735,218.52,222.69,58335576.0
2025-11-20,227.05,227.41,216.74,217.14,50308962.0
2025-11-21,216.345,222.21,215.18,220.69,68490085.0
2025-11-24,222.555,227.33,222.27,226.28,54318221.0
2025-11-25,226.38,230.52,223.8,229.67,39379339.0
2025-11-26,230.74,231.7474,228.77,229.16,38497895.0
2025-11-28,231.24,233.285,230.22,233.22,20138429.0
2025-12-01,233.22,235.797,232.25,233.88,42903587.0
2025-12-02,235.005,238.97,233.55,234.42,45785348.0
2025-12-03,233.35,233.38,230.61,232.38,35495056.0
2025-12-04,232.77,233.5,226.8,229.11,45683098.0
2025-12-05,230.32,231.24,228.547,229.53,33117374.0
2025-12-08,229.59,230.83,226.27,226.89,35019094.0
2025-12-09,226.84,228.57,225.11,227.92,25841701.0
2025-12-10,228.805,232.42,228.46,231.78,38790365.0
2025-12-11,230.71,232.11,228.6901,230.28,28249477.0
2025-12-12,229.87,230.08,225.12,226.19,35638751.0
2025-12-15,227.93,227.93,221.5,222.54,47286081.0
2025-12-16,223.035,223.66,221.1304,222.56,39298683.0
2025-12-17,224.655,225.19,220.99,221.27,44034418.0
2025-12-18,225.705,229.225,224.41,226.76,50272416.0
2025-12-19,226.76,229.125,225.58,227.35,85544226.0
2025-12-22,228.61,229.48,226.71,228.43,32261325.0
2025-12-23,229.055,232.445,228.73,232.14,29230109.0
2025-12-24,232.13,232.95,231.33,232.38,10920455.0
2025-12-26,232.035,232.99,231.18,232.52,15994726.0
2025-12-29,231.94,232.6,230.77,232.07,19797637.0
2025-12-30,231.205,232.77,230.2,232.53,21910400.0
2025-12-31,232.905,232.99,230.12,230.82,24383649.0
2026-01-02,231.34,235.458,224.7,226.5,51456204.0
2026-01-05,228.84,234.0,227.18,233.06,49733293.0
2026-01-06,232.1,243.18,232.07,240.93,53764452.0
2026-01-07,239.61,245.29,239.52,241.56,42236531.0
2026-01-08,243.06,246.41,241.88,246.29,39509798.0
2026-01-09,244.568,247.86,242.24,247.38,34559823.0
2026-01-12,246.73,248.94,245.96,246.47,35867215.0
2026-01-13,246.53,247.66,240.25,242.6,38371462.0
2026-01-14,241.15,241.28,236.22,236.65,41410553.0
2026-01-15,239.31,240.65,236.63,238.18,43003569.0
2026-01-16,239.085,239.57,236.41,239.12,45888223.0
2026-01-20,233.76,235.09,229.34,231.0,47737851.0
2026-01-21,231.085,232.3,226.88,231.31,47275810.0
2026-01-22,234.045,235.72,230.9,234.34,31912837.0
2026-01-23,234.955,240.45,234.57,239.16,33778476.0
2026-01-26,239.98,240.95,237.54,238.42,32825480.0
2026-01-27,239.685,244.88,238.08,244.68,38029019.0
2026-01-28,246.365,247.775,241.53,243.01,40882520.0
2026-01-29,242.82,243.0,236.742,241.73,47229464.0
2026-01-30,239.89,243.315,237.64,239.3,46585017.0
2026-02-02,238.31,245.6299,238.17,242.96,37545994.0
2026-02-03,244.975,246.35,235.45,238.62,53831196.0
2026-02-04,238.86,238.86,231.82,232.99,51299947.0
2026-02-05,224.91,226.31,220.38,222.69,103509230.0
2026-02-06,202.7,211.44,200.31,210.32,179210819.0
2026-02-09,208.97,212.81,203.35,208.72,91178437.0
2026-02-10,208.795,212.6499,206.411,206.96,67174874.0
2026-02-11,208.06,208.57,202.49,204.08,65545305.0
2026-02-12,203.96,203.96,197.56,199.6,83975183.0
2026-02-13,198.88,201.16,197.275,198.79,66321215.0
2026-02-17,198.125,201.7362,196.0,201.15,69879133.0
2026-02-18,202.07,206.86,201.51,204.79,51003134.0
2026-02-19,203.8,205.6396,202.81,204.86,35669440.0
2026-02-20,204.76,211.17,203.75,210.11,65881611.0
2026-02-23,208.095,208.43,203.11,205.27,53581357.0
2026-02-24,205.47,210.36,203.25,208.56,41137162.0
2026-02-25,210.46,211.59,208.93,210.64,41345370.0
2026-02-26,210.73,211.05,205.345,207.92,47756737.0
2026-02-27,206.83,210.33,205.2,210.0,57422646.0
2026-03-02,204.55,209.73,203.46,208.39,46001010.0
2026-03-03,203.1,209.178,202.48,208.73,43184899.0
2026-03-04,210.47,217.54,210.15,216.82,54730945.0
2026-03-05,215.98,220.47,215.59,218.94,60943446.0
2026-03-06,214.99,217.32,212.53,213.21,51152442.0
2026-03-09,210.45,213.82,207.11,213.49,54642910.0
2026-03-10,214.19,215.65,212.43,214.33,35678823.0
2026-03-11,215.705,217.0,211.35,212.65,34199303.0
2026-03-12,210.39,211.71,208.15,209.53,44348880.0
2026-03-13,209.605,210.56,206.22,207.67,35662137.0
2026-03-16,208.35,212.724,207.445,211.74,42209303.0
2026-03-17,212.82,215.7,212.43,215.2,44969943.0
2026-03-18,213.925,215.1401,208.825,209.87,37846438.0
2026-03-19,207.06,209.12,206.05,208.76,36440622.0
2026-03-20,207.4,207.54,204.316,205.37,63694563.0
2026-03-23,209.79,212.8,209.51,210.14,44277307.0
2026-03-24,207.95,209.35,206.64,207.24,35351241.0
2026-03-25,211.56,213.07,209.9,211.71,36388616.0
2026-03-26,210.61,212.885,207.12,207.54,46745977.0
2026-03-27,206.455,206.6,199.14,199.34,56009524.0
2026-03-30,201.48,203.8,199.9802,200.95,46373726.0
2026-03-31,204.845,210.28,204.14,208.27,58470060.0
2026-04-01,210.435,213.58,208.19,210.57,45955165.0
2026-04-02,206.54,212.2125,204.9,209.77,31453039.0
2026-04-06,209.795,212.95,209.59,212.79,25385344.0
2026-04-07,211.24,213.97,209.075,213.77,28154451.0
2026-04-08,223.79,226.1,219.62,221.25,51092698.0
2026-04-09,225.232,233.8,223.27,233.65,65963868.0
2026-04-10,235.295,240.43,235.21,238.38,56912665.0
2026-04-13,237.45,240.0,235.75,239.89,42166004.0
2026-04-14,241.78,252.18,241.78,249.02,72684971.0
2026-04-15,249.25,250.44,247.2,248.5,43045159.0
2026-04-16,248.51,250.0,244.2,249.7,41895711.0
2026-04-17,254.985,256.18,250.11,250.56,52029291.0
2026-04-20,249.19,250.18,245.365,248.28,39463066.0
2026-04-21,255.09,255.09,249.1,249.91,42922376.0
2026-04-22,252.44,255.94,250.33,255.36,36065067.0
2026-04-23,255.39,258.79,253.07,255.08,39091231.0
2026-04-24,259.98,264.5,257.685,263.99,53776872.0
2026-04-27,263.46,264.15,260.34,261.12,44906785.0
2026-04-28,258.39,261.03,256.63,259.7,42204187.0
2026-04-29,257.99,265.91,257.7,263.04,72367785.0
2026-04-30,273.17,273.88,256.16,265.06,100974802.0
2026-05-01,265.58,273.315,262.74,268.26,50825229.0
2026-05-04,268.795,276.1,268.795,272.05,49083601.0
2026-05-05,276.075,278.56,272.38,273.55,41908424.0
2026-05-06,272.89,277.8,272.2076,274.99,44551426.0
2026-05-07,275.02,276.63,270.49,271.17,35892822.0
2026-05-08,271.63,274.0,269.95,272.68,34732642.0
2026-05-11,269.835,273.63,268.48,268.99,38176692.0
2026-05-12,266.71,267.65,262.63,265.82,36776143.0
2026-05-13,264.43,270.72,263.2,270.13,39670620.0
2026-05-14,269.15,270.7799,266.63,267.22,31338435.0
2026-05-15,262.5,264.355,260.8901,264.14,40770340.0
2026-05-18,263.865,268.85,262.53,264.86,33690655.0
2026-05-19,262.04,262.25,255.19,259.34,40340303.0
2026-05-20,260.05,265.58,259.533,265.01,34932921.0
2026-05-21,263.5,269.4899,261.37,268.46,36591741.0
2026-05-22,268.655,269.785,266.235,266.32,27535526.0
2026-05-26,267.94,269.3,262.07,265.29,38027977.0
2026-05-27,266.15,272.41,265.7001,271.85,40061838.0
2026-05-28,272.27,274.5,267.44,274.0,40630159.0
2026-05-29,271.29,274.75,269.64,270.64,54749485.0
2026-06-01,266.285,266.63,260.7,261.26,53604306.0
2026-06-02,257.16,261.2025,254.37,256.52,41810874.0
2026-06-03,254.7,257.09,247.71,250.02,51393880.0
2026-06-04,253.12,255.83,251.75,253.79,35609606.0
2026-06-05,254.255,256.38,245.78,246.03,55607841.0
2026-06-08,246.68,249.42,243.36,245.22,33899500.0
2026-06-09,247.73,250.43,240.4,244.19,44425335.0
2026-06-10,243.605,244.065,237.45,238.0,38590140.0
2026-06-11,237.93,242.14,235.18,241.51,41335246.0
2026-06-12,243.21,243.36,233.59,238.55,51251062.0
2026-06-15,245.02,247.805,244.73,246.02,41711396.0
2026-06-16,248.0,249.51,245.4511,246.0,35187406.0
2026-06-17,244.9,245.91,236.0,237.5,44780762.0
2026-06-18,240.12,245.73,236.02,244.39,75623911.0
2026-06-22,240.08,242.0,232.24,232.79,68388526.0
2026-06-23,232.55,236.87,232.0,234.11,60492408.0
2026-06-24,233.845,242.4199,232.95,234.27,70282541.0
2026-06-25,232.02,232.32,225.55,227.01,77858477.0
2026-06-26,227.205,233.9,226.125,232.69,248371934.0
2026-06-29,234.215,249.71,233.8,240.14,77619228.0
2026-06-30,237.35,241.54,237.171,238.34,66228262.0
2026-07-01,239.75,244.9,234.9,241.7,53829204.0
2026-07-02,241.605,246.72,241.08,242.67,48297749.0
2026-07-06,243.795,246.04,240.88,244.16,40043743.0
2026-07-07,246.975,248.93,242.7,245.98,40579601.0
2026-07-08,244.27,244.8,240.52,243.62,29652796.0
2026-07-09,239.82,247.5,238.25,247.04,38091688.0
2026-07-10,249.55,251.03,244.41,245.34,31653962.0
2026-07-13,244.68,249.65,244.18,247.31,34635828.0
2026-07-14,245.55,248.56,243.8,247.49,30107946.0
2026-07-15,249.75,256.48,249.75,254.96,45240592.0
2026-07-16,255.12,258.0825,248.0,249.89,45343709.0
2026-07-17,244.46,250.24,243.59,247.23,43572286.0
2026-07-20,248.76,252.89,248.0,249.99,32406471.0
2026-07-21,249.105,249.34,246.42,247.55,27731989.0
2026-07-22,248.265,248.45,242.45,244.85,34112456.0
2026-07-23,236.26,238.3499,232.0516,233.66,47465313.0
2026-07-24,234.38,234.95,231.34,232.11,35017277.0
